<?xml version="1.0" encoding="UTF-8"?>
<AssetDeclaration
	xmlns="uri:ea.com:eala:asset"
	xmlns:xsi="http://www.w3.org/2001/XMLSchema-instance">
	<Tags/>
	<Includes>
		<Include
			source="DATA:static.xml"
			type="reference"/>
		<Include
			source="DATA:global.xml"
			type="reference"/>
		<Include
			source="ART:DCWashington3_vol.xml"
			type="instance"/>
		<Include
			source="ART:EVDefault.xml"
			type="instance"/>
		<Include
			source="ART:TSCloudMed.xml"
			type="instance"/>
		<Include
			source="ART:TSNoiseUrb.xml"
			type="instance"/>
		<Include
			source="DATA:GlobalData/roads.xml"
			type="instance"/>
		<Include
			source="DATA:neutral/props/audioambients.xml"
			type="instance"/>
		<Include
			source="DATA:sounds/musicscript_redzone.xml"
			type="instance"/>
		<Include
			source="overrides.xml"
			type="all"/>
	</Includes>
	<GameMap
		id="erlNiteTDv1Reborn">
		<Waypoint
			id="Waypoint 10">
			<Position
				x="466.837"
				y="2352.14"
				z="0"/>
		</Waypoint>
		<Waypoint
			id="Waypoint 9">
			<Position
				x="467.427"
				y="3035.8"
				z="0"/>
		</Waypoint>
		<Waypoint
			id="bonus spawner">
			<Position
				x="469.448"
				y="3106.3"
				z="0"/>
		</Waypoint>
		<Waypoint
			id="protector area">
			<Position
				x="477.554"
				y="201.576"
				z="0"/>
		</Waypoint>
		<Waypoint
			id="Waypoint 15">
			<Position
				x="482.738"
				y="573.348"
				z="0"/>
		</Waypoint>
		<Waypoint
			id="Waypoint 14">
			<Position
				x="474.091"
				y="1416.59"
				z="0"/>
		</Waypoint>
		<Waypoint
			id="Waypoint 13">
			<Position
				x="460.669"
				y="1847.31"
				z="0"/>
		</Waypoint>
		<Waypoint
			id="Player_3_Start">
			<Position
				x="475.07"
				y="2792.28"
				z="0"/>
		</Waypoint>
		<Waypoint
			id="Player_2_Start">
			<Position
				x="831.317"
				y="516.608"
				z="0"/>
		</Waypoint>
		<Waypoint
			id="Player_1_Start">
			<Position
				x="142.894"
				y="513.964"
				z="0"/>
		</Waypoint>
		<Structure
			Angle="-1.59644"
			EventList=""
			Faction="Player_3/teamPlayer_3"
			Health="100"
			Team="Player_3"
			ThingTemplate="NODObelisk"
			id="NODObelisk">
			<Position
				x="768.985"
				y="2419.99"
				z="0"/>
		</Structure>
		<Structure
			Angle="-1.59644"
			EventList=""
			Faction="Player_3/teamPlayer_3"
			Health="100"
			Team="Player_3"
			ThingTemplate="NODObelisk"
			id="NODObelisk">
			<Position
				x="507.973"
				y="2419.99"
				z="0"/>
		</Structure>
		<Structure
			Angle="-1.59644"
			EventList=""
			Faction="Player_3/teamPlayer_3"
			Health="100"
			Team="Player_3"
			ThingTemplate="NODObelisk"
			id="NODObelisk">
			<Position
				x="207.696"
				y="2417.91"
				z="0"/>
		</Structure>
		<Structure
			Angle="-1.55056"
			EventList=""
			Faction="PlyrCivilian/teamPlyrCivilian"
			Health="50000"
			Team="PlyrCivilian"
			ThingTemplate="SteelTalonsTiberiumSilo"
			id="SteelTalonsTiberiumSilo">
			<Position
				x="476.604"
				y="96.7211"
				z="0"/>
		</Structure>
		<Structure
			Angle="3.14159"
			EventList=""
			Faction="Player_2/teamPlayer_2"
			Health="100"
			Team="Player_2"
			ThingTemplate="GDIMiniMCVOutpost"
			id="GDIMiniMCVOutpost">
			<Position
				x="638.413"
				y="390.386"
				z="0"/>
		</Structure>
		<Structure
			Angle="0"
			EventList=""
			Faction="Player_1/teamPlayer_1"
			Health="100"
			Team="Player_1"
			ThingTemplate="GDIMiniMCVOutpost"
			id="GDIMiniMCVOutpost">
			<Position
				x="328.733"
				y="394.879"
				z="0"/>
		</Structure>
		<Structure
			Angle="-2.35619"
			EventList=""
			Faction="Player_2/teamPlayer_2"
			Health="100"
			Team="Player_2"
			ThingTemplate="NODConstructionYard"
			id="NODConstructionYard">
			<Position
				x="-1278.03"
				y="303.604"
				z="0"/>
		</Structure>
		<Structure
			Angle="-0.785398"
			EventList=""
			Faction="Player_2/teamPlayer_2"
			Health="100"
			Team="Player_2"
			ThingTemplate="GDIConstructionYard"
			id="GDIConstructionYard">
			<Position
				x="-1290.83"
				y="323"
				z="0"/>
		</Structure>
		<Structure
			Angle="-1.61796"
			EventList=""
			Faction="Player_2/teamPlayer_2"
			Health="100"
			Team="Player_2"
			ThingTemplate="NODSecretShrine"
			id="NODSecretShrine">
			<Position
				x="-1285.97"
				y="322.149"
				z="0"/>
		</Structure>
		<Structure
			Angle="-1.61796"
			EventList=""
			Faction="Player_2/teamPlayer_2"
			Health="100"
			Team="Player_2"
			ThingTemplate="NODPowerPlant"
			id="NODPowerPlant">
			<Position
				x="-1286.37"
				y="318.942"
				z="0"/>
		</Structure>
		<Structure
			Angle="-1.61796"
			EventList=""
			Faction="Player_2/teamPlayer_2"
			Health="100"
			Team="Player_2"
			ThingTemplate="GDIPowerPlant"
			id="GDIPowerPlant">
			<Position
				x="-1292.02"
				y="308.394"
				z="0"/>
		</Structure>
		<Structure
			Angle="-1.61796"
			EventList=""
			Faction="Player_2/teamPlayer_2"
			Health="100"
			Team="Player_2"
			ThingTemplate="GDIMedicalBay"
			id="GDIMedicalBay">
			<Position
				x="-1290.38"
				y="313.486"
				z="0"/>
		</Structure>
		<Structure
			Angle="3.14159"
			EventList=""
			Faction="Player_2/teamPlayer_2"
			Health="100"
			Team="Player_2"
			ThingTemplate="GDIMiniMCVOutpost"
			id="GDIMiniMCVOutpost">
			<Position
				x="643.027"
				y="1326"
				z="0"/>
		</Structure>
		<Structure
			Angle="0"
			EventList=""
			Faction="Player_1/teamPlayer_1"
			Health="100"
			Team="Player_1"
			ThingTemplate="GDIMiniMCVOutpost"
			id="GDIMiniMCVOutpost">
			<Position
				x="333.347"
				y="1330.49"
				z="0"/>
		</Structure>
		<Structure
			Angle="-2.35619"
			EventList=""
			Faction="Player_1/teamPlayer_1"
			Health="100"
			Team="Player_1"
			ThingTemplate="NODConstructionYard"
			id="NODConstructionYard">
			<Position
				x="-1274.05"
				y="447.766"
				z="0"/>
		</Structure>
		<Structure
			Angle="-0.785398"
			EventList=""
			Faction="Player_1/teamPlayer_1"
			Health="100"
			Team="Player_1"
			ThingTemplate="GDIConstructionYard"
			id="GDIConstructionYard">
			<Position
				x="-1286.85"
				y="467.162"
				z="0"/>
		</Structure>
		<Structure
			Angle="-1.61796"
			EventList=""
			Faction="Player_1/teamPlayer_1"
			Health="100"
			Team="Player_1"
			ThingTemplate="NODSecretShrine"
			id="NODSecretShrine">
			<Position
				x="-1281.99"
				y="466.311"
				z="0"/>
		</Structure>
		<Structure
			Angle="-1.61796"
			EventList=""
			Faction="Player_1/teamPlayer_1"
			Health="100"
			Team="Player_1"
			ThingTemplate="NODPowerPlant"
			id="NODPowerPlant">
			<Position
				x="-1282.39"
				y="463.104"
				z="0"/>
		</Structure>
		<Structure
			Angle="-1.61796"
			EventList=""
			Faction="Player_1/teamPlayer_1"
			Health="100"
			Team="Player_1"
			ThingTemplate="GDIPowerPlant"
			id="GDIPowerPlant">
			<Position
				x="-1288.04"
				y="452.557"
				z="0"/>
		</Structure>
		<Structure
			Angle="-1.61796"
			EventList=""
			Faction="Player_1/teamPlayer_1"
			Health="100"
			Team="Player_1"
			ThingTemplate="GDIMedicalBay"
			id="GDIMedicalBay">
			<Position
				x="-1286.4"
				y="457.648"
				z="0"/>
		</Structure>
		<Structure
			Angle="1.5708"
			EventList=""
			Faction="PlyrCivilian/teamPlyrCivilian"
			Health="1000"
			Team="PlyrCivilian"
			ThingTemplate="SteelTalonsIonCannonControl"
			id="SteelTalonsIonCannonControl">
			<Position
				x="478.224"
				y="156.088"
				z="0"/>
		</Structure>
		<Structure
			Angle="-2.63545"
			EventList=""
			Faction="Player_2/teamPlayer_2"
			Health="100"
			Team="Player_2"
			ThingTemplate="NODHandOfNOD"
			id="NODHandOfNOD">
			<Position
				x="924.177"
				y="662.521"
				z="0"/>
		</Structure>
		<Structure
			Angle="-2.63545"
			EventList=""
			Faction="Player_2/teamPlayer_2"
			Health="100"
			Team="Player_2"
			ThingTemplate="GDIBarracks"
			id="GDIBarracks">
			<Position
				x="933.078"
				y="755.667"
				z="0"/>
		</Structure>
		<Structure
			Angle="-0.628319"
			EventList=""
			Faction="Player_1/teamPlayer_1"
			Health="100"
			Team="Player_1"
			ThingTemplate="NODHandOfNOD"
			id="NODHandOfNOD">
			<Position
				x="83.2366"
				y="663.69"
				z="0"/>
		</Structure>
		<Structure
			Angle="-0.628319"
			EventList=""
			Faction="Player_1/teamPlayer_1"
			Health="100"
			Team="Player_1"
			ThingTemplate="GDIBarracks"
			id="GDIBarracks">
			<Position
				x="75.4732"
				y="753.531"
				z="0"/>
		</Structure>
		<Structure
			Angle="-2.63545"
			EventList=""
			Faction="Player_2/teamPlayer_2"
			Health="100"
			Team="Player_2"
			ThingTemplate="NODTechAssemblyPlant"
			id="NODTechAssemblyPlant">
			<Position
				x="918.275"
				y="1241.43"
				z="0"/>
		</Structure>
		<Structure
			Angle="-2.63545"
			EventList=""
			Faction="Player_2/teamPlayer_2"
			Health="100"
			Team="Player_2"
			ThingTemplate="GDIArmory"
			id="GDIArmory">
			<Position
				x="913.278"
				y="1372.65"
				z="0"/>
		</Structure>
		<Structure
			Angle="-2.63545"
			EventList=""
			Faction="Player_2/teamPlayer_2"
			Health="100"
			Team="Player_2"
			ThingTemplate="NODDropZone"
			id="NODDropZone">
			<Position
				x="917.825"
				y="872.143"
				z="0"/>
		</Structure>
		<Structure
			Angle="-2.63545"
			EventList=""
			Faction="Player_2/teamPlayer_2"
			Health="100"
			Team="Player_2"
			ThingTemplate="NODOperationsCenter"
			id="NODOperationsCenter">
			<Position
				x="906.666"
				y="1110.66"
				z="0"/>
		</Structure>
		<Structure
			Angle="-2.63545"
			EventList=""
			Faction="Player_2/teamPlayer_2"
			Health="100"
			Team="Player_2"
			ThingTemplate="GDIWarFactory"
			id="GDIWarFactory">
			<Position
				x="929.116"
				y="989.287"
				z="0"/>
		</Structure>
		<Structure
			Angle="-2.63545"
			EventList=""
			Faction="Player_2/teamPlayer_2"
			Health="100"
			Team="Player_2"
			ThingTemplate="GDICommandPost"
			id="GDICommandPost">
			<Position
				x="911.302"
				y="1476.42"
				z="0"/>
		</Structure>
		<Structure
			Angle="-0.628319"
			EventList=""
			Faction="Player_1/teamPlayer_1"
			Health="100"
			Team="Player_1"
			ThingTemplate="NODTechAssemblyPlant"
			id="NODTechAssemblyPlant">
			<Position
				x="85.6468"
				y="1240.41"
				z="0"/>
		</Structure>
		<Structure
			Angle="-0.628319"
			EventList=""
			Faction="Player_1/teamPlayer_1"
			Health="100"
			Team="Player_1"
			ThingTemplate="GDIArmory"
			id="GDIArmory">
			<Position
				x="80.649"
				y="1371.63"
				z="0"/>
		</Structure>
		<Structure
			Angle="1.5708"
			EventList=""
			Faction="Player_3/teamPlayer_3"
			Health="100"
			Team="Player_3"
			ThingTemplate="NODPowerPlant"
			id="NODPowerPlant">
			<Position
				x="481.272"
				y="2950.45"
				z="0"/>
		</Structure>
		<Structure
			Angle="-0.628319"
			EventList=""
			Faction="Player_1/teamPlayer_1"
			Health="100"
			Team="Player_1"
			ThingTemplate="NODDropZone"
			id="NODDropZone">
			<Position
				x="85.1966"
				y="871.127"
				z="0"/>
		</Structure>
		<Structure
			Angle="-0.628319"
			EventList=""
			Faction="Player_1/teamPlayer_1"
			Health="100"
			Team="Player_1"
			ThingTemplate="NODOperationsCenter"
			id="NODOperationsCenter">
			<Position
				x="74.0373"
				y="1109.64"
				z="0"/>
		</Structure>
		<Structure
			Angle="-0.628319"
			EventList=""
			Faction="Player_1/teamPlayer_1"
			Health="100"
			Team="Player_1"
			ThingTemplate="GDIWarFactory"
			id="GDIWarFactory">
			<Position
				x="96.4877"
				y="988.271"
				z="0"/>
		</Structure>
		<Structure
			Angle="-0.628319"
			EventList=""
			Faction="Player_1/teamPlayer_1"
			Health="100"
			Team="Player_1"
			ThingTemplate="GDICommandPost"
			id="GDICommandPost">
			<Position
				x="78.6738"
				y="1475.41"
				z="0"/>
		</Structure>
		<Unit
			Angle="-1.9169"
			EventList=""
			Faction="Player_3/bonus 1 1"
			Health="100"
			Team="Player_3"
			ThingTemplate="Reaper17EradicatorHexapod"
			id="Reaper17EradicatorHexapod">
			<Position
				x="602.684"
				y="3212.5"
				z="0"/>
		</Unit>
		<Unit
			Angle="-1.9169"
			EventList=""
			Faction="Player_3/bonus 1 1"
			Health="50"
			Team="Player_3"
			ThingTemplate="Reaper17EradicatorHexapod"
			id="Reaper17EradicatorHexapod">
			<Position
				x="610.558"
				y="3281.77"
				z="0"/>
		</Unit>
		<Unit
			Angle="-0.888516"
			EventList=""
			Faction="Player_3/bonus 1"
			Health="100"
			Team="Player_3"
			ThingTemplate="MarkedOfKaneMetaUnit"
			id="MarkedOfKaneMetaUnit">
			<Position
				x="322.017"
				y="3112.93"
				z="0"/>
		</Unit>
		<Unit
			Angle="-0.888516"
			EventList=""
			Faction="Player_3/bonus 1"
			Health="50"
			Team="Player_3"
			ThingTemplate="MarkedOfKaneMetaUnit"
			id="MarkedOfKaneMetaUnit">
			<Position
				x="333.394"
				y="3165.26"
				z="0"/>
		</Unit>
		<Unit
			Angle="-1.5708"
			EventList=""
			Faction="Player_3/teamPlayer_3"
			Health="100"
			Team="Player_3"
			ThingTemplate="LiquidTiberiumTransport"
			id="LiquidTiberiumTransport">
			<Position
				x="471.506"
				y="3197.1"
				z="0"/>
		</Unit>
		<Unit
			Angle="-1.5708"
			EventList=""
			Faction="Player_3/teamPlayer_3"
			Health="100"
			Team="Player_3"
			ThingTemplate="GDIHammerhead"
			id="GDIHammerhead">
			<Position
				x="619.422"
				y="2719.1"
				z="0"/>
		</Unit>
		<Unit
			Angle="-1.62629"
			EventList=""
			Faction="Player_3/teamPlayer_3"
			Health="100"
			Team="Player_3"
			ThingTemplate="MarkedOfKaneVenom"
			id="MarkedOfKaneVenom">
			<Position
				x="129.352"
				y="2774.23"
				z="0"/>
		</Unit>
		<Unit
			Angle="-1.49687"
			EventList=""
			Faction="Player_3/New Team 1"
			Health="7500"
			Team="Player_3"
			ThingTemplate="NODCommando"
			id="NODCommando">
			<Position
				x="503.608"
				y="2738.15"
				z="0"/>
		</Unit>
		<Unit
			Angle="-1.65945"
			EventList=""
			Faction="Player_3/teamPlayer_3"
			Health="100"
			Team="Player_3"
			ThingTemplate="AlienPlanetaryAssaultCarrier"
			id="AlienPlanetaryAssaultCarrier">
			<Position
				x="614.406"
				y="2598.25"
				z="0"/>
		</Unit>
		<Unit
			Angle="-1.5708"
			EventList=""
			Faction="Player_3/teamPlayer_3"
			Health="100"
			Team="Player_3"
			ThingTemplate="GDISurveyor"
			id="GDISurveyor">
			<Position
				x="221.238"
				y="2694.22"
				z="0"/>
		</Unit>
		<Unit
			Angle="-1.54224"
			EventList=""
			Faction="Player_3/teamPlayer_3"
			Health="650"
			Team="Player_3"
			ThingTemplate="GDICommando"
			id="GDICommando">
			<Position
				x="128.138"
				y="2672.11"
				z="0"/>
		</Unit>
		<Unit
			Angle="-1.5708"
			EventList=""
			Faction="Player_3/teamPlayer_3"
			Health="100"
			Team="Player_3"
			ThingTemplate="AlienDevastatorWarship"
			id="AlienDevastatorWarship">
			<Position
				x="504.92"
				y="2680.77"
				z="0"/>
		</Unit>
		<Unit
			Angle="-1.5708"
			EventList=""
			Faction="Player_3/teamPlayer_3"
			Health="100"
			Team="Player_3"
			ThingTemplate="NukeTransport"
			id="NukeTransport">
			<Position
				x="616.918"
				y="2776.68"
				z="0"/>
		</Unit>
		<Unit
			Angle="-1.5708"
			EventList=""
			Faction="Player_3/teamPlayer_3"
			Health="100"
			Team="Player_3"
			ThingTemplate="GDIMARV"
			id="GDIMARV">
			<Position
				x="782.581"
				y="2726.43"
				z="0"/>
		</Unit>
		<Unit
			Angle="-1.5708"
			EventList=""
			Faction="Player_3/teamPlayer_3"
			Health="100"
			Team="Player_3"
			ThingTemplate="MarkedOfKaneStealthTank"
			id="MarkedOfKaneStealthTank">
			<Position
				x="812.842"
				y="2638.39"
				z="0"/>
		</Unit>
		<Unit
			Angle="-1.5708"
			EventList=""
			Faction="Player_3/teamPlayer_3"
			Health="100"
			Team="Player_3"
			ThingTemplate="MarkedOfKaneRaiderTank"
			id="MarkedOfKaneRaiderTank">
			<Position
				x="815.432"
				y="2567.61"
				z="0"/>
		</Unit>
		<Unit
			Angle="-1.5708"
			EventList=""
			Faction="Player_3/teamPlayer_3"
			Health="100"
			Team="Player_3"
			ThingTemplate="MarkedOfKaneMobileArtillery"
			id="MarkedOfKaneMobileArtillery">
			<Position
				x="508.387"
				y="2791.84"
				z="0"/>
		</Unit>
		<Unit
			Angle="-1.5708"
			EventList=""
			Faction="Player_3/teamPlayer_3"
			Health="100"
			Team="Player_3"
			ThingTemplate="AlienSeekerTank"
			id="AlienSeekerTank">
			<Position
				x="672.205"
				y="2726.54"
				z="0"/>
		</Unit>
		<Unit
			Angle="-1.5708"
			EventList=""
			Faction="Player_3/teamPlayer_3"
			Health="100"
			Team="Player_3"
			ThingTemplate="GDISonicTank"
			id="GDISonicTank">
			<Position
				x="670.105"
				y="2771.12"
				z="0"/>
		</Unit>
		<Unit
			Angle="-1.5708"
			EventList=""
			Faction="Player_3/teamPlayer_3"
			Health="100"
			Team="Player_3"
			ThingTemplate="GDIJuggernaught"
			id="GDIJuggernaught">
			<Position
				x="502.141"
				y="2597.74"
				z="0"/>
		</Unit>
		<Unit
			Angle="-1.5708"
			EventList=""
			Faction="Player_3/teamPlayer_3"
			Health="100"
			Team="Player_3"
			ThingTemplate="GDIMammoth"
			id="GDIMammoth">
			<Position
				x="698.569"
				y="2628.47"
				z="0"/>
		</Unit>
		<Unit
			Angle="-1.5708"
			EventList=""
			Faction="Player_3/teamPlayer_3"
			Health="100"
			Team="Player_3"
			ThingTemplate="Reaper17Mothership"
			id="Reaper17Mothership">
			<Position
				x="482.507"
				y="2895.07"
				z="0"/>
		</Unit>
		<Unit
			Angle="-1.5708"
			EventList=""
			Faction="Player_3/teamPlayer_3"
			Health="100"
			Team="Player_3"
			ThingTemplate="Reaper17DevourerTank"
			id="Reaper17DevourerTank">
			<Position
				x="693.883"
				y="2564.15"
				z="0"/>
		</Unit>
		<Unit
			Angle="-1.5708"
			EventList=""
			Faction="Player_3/teamPlayer_3"
			Health="100"
			Team="Player_3"
			ThingTemplate="Reaper17EradicatorHexapod"
			id="Reaper17EradicatorHexapod">
			<Position
				x="397.928"
				y="2762.06"
				z="0"/>
		</Unit>
		<Unit
			Angle="-1.5708"
			EventList=""
			Faction="Player_3/teamPlayer_3"
			Health="100"
			Team="Player_3"
			ThingTemplate="Reaper17Harvester"
			id="Reaper17Harvester">
			<Position
				x="224.442"
				y="2762.95"
				z="0"/>
		</Unit>
		<Unit
			Angle="-1.5708"
			EventList=""
			Faction="Player_3/teamPlayer_3"
			Health="100"
			Team="Player_3"
			ThingTemplate="Reaper17ShardWalker"
			id="Reaper17ShardWalker">
			<Position
				x="387.257"
				y="2593.29"
				z="0"/>
		</Unit>
		<Unit
			Angle="-1.5708"
			EventList=""
			Faction="Player_3/teamPlayer_3"
			Health="100"
			Team="Player_3"
			ThingTemplate="MarkedOfKaneAttackBike"
			id="MarkedOfKaneAttackBike">
			<Position
				x="384.886"
				y="2544.8"
				z="0"/>
		</Unit>
		<Unit
			Angle="-1.5708"
			EventList=""
			Faction="Player_3/teamPlayer_3"
			Health="100"
			Team="Player_3"
			ThingTemplate="MarkedOfKaneAvatar"
			id="MarkedOfKaneAvatar">
			<Position
				x="196.788"
				y="2621.59"
				z="0"/>
		</Unit>
		<Unit
			Angle="-1.5708"
			EventList=""
			Faction="Player_3/teamPlayer_3"
			Health="100"
			Team="Player_3"
			ThingTemplate="MarkedOfKaneBeamCannon"
			id="MarkedOfKaneBeamCannon">
			<Position
				x="188.707"
				y="2573.26"
				z="0"/>
		</Unit>
		<Unit
			Angle="-1.5708"
			EventList=""
			Faction="Player_3/teamPlayer_3"
			Health="100"
			Team="Player_3"
			ThingTemplate="MarkedOfKaneMetaUnit"
			id="MarkedOfKaneMetaUnit">
			<Position
				x="289.271"
				y="2769.68"
				z="0"/>
		</Unit>
		<Unit
			Angle="-1.5708"
			EventList=""
			Faction="Player_3/teamPlayer_3"
			Health="100"
			Team="Player_3"
			ThingTemplate="AlienAnnihilatorTripod"
			id="AlienAnnihilatorTripod">
			<Position
				x="127.633"
				y="2718.88"
				z="0"/>
		</Unit>
		<Unit
			Angle="-1.5708"
			EventList=""
			Faction="Player_3/teamPlayer_3"
			Health="500"
			Team="Player_3"
			ThingTemplate="AlienBlinkMastermind"
			id="AlienBlinkMastermind">
			<Position
				x="289.959"
				y="2618.9"
				z="0"/>
		</Unit>
		<Unit
			Angle="-1.5708"
			EventList=""
			Faction="Player_3/teamPlayer_3"
			Health="100"
			Team="Player_3"
			ThingTemplate="GDIPredator"
			id="GDIPredator">
			<Position
				x="294.289"
				y="2572.98"
				z="0"/>
		</Unit>
		<Unit
			Angle="-1.5708"
			EventList=""
			Faction="Player_3/teamPlayer_3"
			Health="100"
			Team="Player_3"
			ThingTemplate="NODEmissary"
			id="NODEmissary">
			<Position
				x="83.1931"
				y="2629.71"
				z="0"/>
		</Unit>
		<Unit
			Angle="-1.5708"
			EventList=""
			Faction="Player_3/teamPlayer_3"
			Health="200"
			Team="Player_3"
			ThingTemplate="AlienAnnihilatorTripod"
			id="AlienAnnihilatorTripod">
			<Position
				x="84.2737"
				y="2565.03"
				z="0"/>
		</Unit>
		<Audio
			ThingTemplate="AmbStream_RedZone03_Rubble_5point1"
			id="AmbStream_RedZone03_Rubble_5point1">
			<Position
				x="489.493"
				y="1071.13"
				z="0"/>
		</Audio>
		<Audio
			ThingTemplate="Amb_FireRubble"
			id="Amb_FireRubble">
			<Position
				x="495.142"
				y="485.666"
				z="0"/>
		</Audio>
		<Audio
			ThingTemplate="Amb_JunkGlass"
			id="Amb_JunkGlass">
			<Position
				x="468.44"
				y="1220.58"
				z="0"/>
		</Audio>
		<Audio
			ThingTemplate="Amb_CreaturesWhistle1"
			id="Amb_CreaturesWhistle1">
			<Position
				x="459.527"
				y="1859.85"
				z="0"/>
		</Audio>
		<MapMetaData
			BorderSize="50"
			CRC="0"
			Description="Map:erlNite-TDv1-Reborn/Desc"
			DisplayName="erlNite - TD v1 Reborn"
			FileName="Data"
			Height="400"
			IsMultiplayer="true"
			IsOfficial="false"
			NumPlayers="3"
			Width="200">
			<StartPosition
				Name="InitialCameraPosition">
				<Position
					x="0"
					y="0"
					z="0"/>
			</StartPosition>
			<StartPosition
				Name="Player_1_Start">
				<Position
					x="142.894"
					y="513.964"
					z="0"/>
			</StartPosition>
			<StartPosition
				Name="Player_2_Start">
				<Position
					x="831.317"
					y="516.608"
					z="0"/>
			</StartPosition>
			<StartPosition
				Name="Player_3_Start">
				<Position
					x="475.07"
					y="2792.28"
					z="0"/>
			</StartPosition>
		</MapMetaData>
		<EnvironmentData
			Cloud="TSCloudMed"
			Environment="EVDefault"
			Macro="TSNoiseUrb"/>
		<WorldDict>
			<RealProperty
				Key="cameraMinHeight"
				Value="200"/>
			<RealProperty
				Key="cameraMaxHeight"
				Value="420"/>
			<RealProperty
				Key="cameraPitchAngle"
				Value="40"/>
			<BoolProperty
				Key="isLivingWorldScriptHolder"
				Value="false"/>
			<AssetIdProperty
				Key="musicZone"
				Value="MusicPalette_RedZone"/>
			<StringProperty
				Key="mapName"
				Value="erlNite - TD v1 Reborn"/>
			<StringProperty
				Key="mapDescription"
				Value="One of my first TDs ever made back in 2011 :P"/>
			<IntProperty
				Key="compression"
				Value="1"/>
			<RealProperty
				Key="cameraGroundMinHeight"
				Value="0"/>
			<RealProperty
				Key="cameraGroundMaxHeight"
				Value="2560"/>
			<BoolProperty
				Key="isScenarioMultiplayer"
				Value="false"/>
			<IntProperty
				Key="weather"
				Value="0"/>
		</WorldDict>
		<PostEffect
			Effect="DCWashington3_vol"/>
	</GameMap>
	<TerrainTextureAtlas
		AllowLossyCompression="true"
		AtlasSize="2048"
		id="erlNiteTDv1Reborn">
		<Tile
			BaseTexture="ART:Terrain/TDirt_RedZone19.tga"
			NormalTexture="ART:Terrain/TDirt_RedZone19_nrm.tga"
			TextureID="37956427"/>
		<Tile
			BaseTexture="ART:Terrain/TGras_Africa02.tga"
			NormalTexture="ART:Terrain/TGras_Africa02_nrm.tga"
			TextureID="203095568"/>
		<Tile
			BaseTexture="ART:Terrain/TGras_Africa01.tga"
			NormalTexture="ART:Terrain/TGras_Africa01_nrm.tga"
			TextureID="267008530"/>
	</TerrainTextureAtlas>
	<GameScriptList
		id="_neutral_">
		<ScriptSet/>
	</GameScriptList>
	<GameScriptList
		id="PlyrCivilian">
		<ScriptSet/>
	</GameScriptList>
	<GameScriptList
		id="PlyrCreeps">
		<ScriptSet/>
	</GameScriptList>
	<GameScriptList
		id="Skirmish">
		<ScriptSet/>
	</GameScriptList>
	<GameScriptList
		id="SkirmishNull">
		<ScriptSet/>
	</GameScriptList>
	<GameScriptList
		id="SkirmishObserver">
		<ScriptSet/>
	</GameScriptList>
	<GameScriptList
		id="SkirmishCommentator">
		<ScriptSet/>
	</GameScriptList>
	<GameScriptList
		id="SkirmishCivilian">
		<ScriptSet/>
	</GameScriptList>
	<GameScriptList
		id="SkirmishNeutral">
		<ScriptSet/>
	</GameScriptList>
	<GameScriptList
		id="SkirmishGDI">
		<ScriptSet/>
	</GameScriptList>
	<GameScriptList
		id="SkirmishSteelTalons">
		<ScriptSet/>
	</GameScriptList>
	<GameScriptList
		id="SkirmishZOCOM">
		<ScriptSet/>
	</GameScriptList>
	<GameScriptList
		id="SkirmishNod">
		<ScriptSet/>
	</GameScriptList>
	<GameScriptList
		id="SkirmishBlackHand">
		<ScriptSet/>
	</GameScriptList>
	<GameScriptList
		id="SkirmishMarkedOfKane">
		<ScriptSet/>
	</GameScriptList>
	<GameScriptList
		id="SkirmishAlien">
		<ScriptSet/>
	</GameScriptList>
	<GameScriptList
		id="SkirmishReaper17">
		<ScriptSet/>
	</GameScriptList>
	<GameScriptList
		id="SkirmishTraveler59">
		<ScriptSet/>
	</GameScriptList>
	<GameScriptList
		id="Player_1">
		<ScriptSet>
			<Script
				id="area not allow">
				<Action
					Type="UNIT_KILL_ALL_IN_AREA">
					<ParameterList/>
				</Action>
			</Script>
			<Script
				id="only one emp unit">
				<Action
					Type="ALLOW_DISALLOW_ONE_BUILDING">
					<ParameterList>
						<ObjectType
							Object="GDIGrenadeSoldierSquad"/>
					</ParameterList>
				</Action>
				<Action
					Type="ALLOW_DISALLOW_ONE_BUILDING">
					<ParameterList>
						<ObjectType
							Object="NODScorpionBuggy"/>
					</ParameterList>
				</Action>
			</Script>
		</ScriptSet>
	</GameScriptList>
	<GameScriptList
		id="Player_2">
		<ScriptSet>
			<Script
				id="area not allow__1">
				<Action
					Type="UNIT_KILL_ALL_IN_AREA">
					<ParameterList/>
				</Action>
			</Script>
			<Script
				id="only one emp unit__1">
				<Action
					Type="ALLOW_DISALLOW_ONE_BUILDING">
					<ParameterList>
						<ObjectType
							Object="GDIGrenadeSoldierSquad"/>
					</ParameterList>
				</Action>
				<Action
					Type="ALLOW_DISALLOW_ONE_BUILDING">
					<ParameterList>
						<ObjectType
							Object="NODScorpionBuggy"/>
					</ParameterList>
				</Action>
			</Script>
		</ScriptSet>
	</GameScriptList>
	<GameScriptList
		id="Player_3">
		<ScriptSet>
			<ScriptGroup
				id="general">
				<Script
					id="Winner!">
					<Action
						Type="VICTORY">
						<ParameterList/>
					</Action>
				</Script>
				<Script
					id="Lose">
					<Action
						Type="NAMED_KILL">
						<ParameterList/>
					</Action>
				</Script>
				<Script
					id="Lose__1">
					<Action
						Type="DEFEAT">
						<ParameterList/>
					</Action>
				</Script>
				<Script
					id="Count lifes">
					<Action
						Type="SET_UNIT_HEALTH_PERCENTAGE_TO_COUNTER">
						<ParameterList/>
					</Action>
				</Script>
				<Script
					id="Intro">
					<Action
						Type="SHOW_MILITARY_CAPTION">
						<ParameterList/>
					</Action>
				</Script>
				<Script
					id="Intro2">
					<Action
						Type="SHOW_MILITARY_CAPTION">
						<ParameterList/>
					</Action>
				</Script>
				<Script
					id="Start">
					<Action
						Type="PLAYER_SET_MONEY">
						<ParameterList/>
					</Action>
					<Action
						Type="DISABLE_BORDER_SHROUD">
						<ParameterList/>
					</Action>
					<Action
						Type="PLAYER_SET_BASE_POWER">
						<ParameterList/>
					</Action>
					<Action
						Type="MAP_REVEAL_ALL_PERM">
						<ParameterList/>
					</Action>
					<Action
						Type="DISPLAY_COUNTER">
						<ParameterList/>
					</Action>
					<Action
						Type="DISPLAY_COUNTER">
						<ParameterList/>
					</Action>
					<Action
						Type="HUMAN_IMPASSABLE_AREA">
						<ParameterList/>
					</Action>
					<Action
						Type="GIVE_PLAYER_UPGRADE">
						<ParameterList/>
					</Action>
					<Action
						Type="GIVE_PLAYER_UPGRADE">
						<ParameterList/>
					</Action>
				</Script>
				<Script
					id="No build for TD, and no tabs">
					<Action
						Type="TECHTREE_MODIFY_BUILDABILITY_OBJECT">
						<ParameterList>
							<ObjectType
								Object="GDIAirSupport"/>
						</ParameterList>
					</Action>
					<Action
						Type="TECHTREE_MODIFY_BUILDABILITY_OBJECT">
						<ParameterList>
							<ObjectType
								Object="GDIAirTower"/>
						</ParameterList>
					</Action>
					<Action
						Type="TECHTREE_MODIFY_BUILDABILITY_OBJECT">
						<ParameterList>
							<ObjectType
								Object="GDIArmory"/>
						</ParameterList>
					</Action>
					<Action
						Type="TECHTREE_MODIFY_BUILDABILITY_OBJECT">
						<ParameterList>
							<ObjectType
								Object="GDIBarracks"/>
						</ParameterList>
					</Action>
					<Action
						Type="TECHTREE_MODIFY_BUILDABILITY_OBJECT">
						<ParameterList>
							<ObjectType
								Object="GDIBattleBase"/>
						</ParameterList>
					</Action>
					<Action
						Type="TECHTREE_MODIFY_BUILDABILITY_OBJECT">
						<ParameterList>
							<ObjectType
								Object="GDICommandPost"/>
						</ParameterList>
					</Action>
					<Action
						Type="TECHTREE_MODIFY_BUILDABILITY_OBJECT">
						<ParameterList>
							<ObjectType
								Object="GDICrane"/>
						</ParameterList>
					</Action>
					<Action
						Type="TECHTREE_MODIFY_BUILDABILITY_OBJECT">
						<ParameterList>
							<ObjectType
								Object="GDIIonCannonControl"/>
						</ParameterList>
					</Action>
					<Action
						Type="TECHTREE_MODIFY_BUILDABILITY_OBJECT">
						<ParameterList>
							<ObjectType
								Object="GDIPowerPlant"/>
						</ParameterList>
					</Action>
					<Action
						Type="TECHTREE_MODIFY_BUILDABILITY_OBJECT">
						<ParameterList>
							<ObjectType
								Object="GDIRefinery"/>
						</ParameterList>
					</Action>
					<Action
						Type="TECHTREE_MODIFY_BUILDABILITY_OBJECT">
						<ParameterList>
							<ObjectType
								Object="GDISpaceCommandUplink"/>
						</ParameterList>
					</Action>
					<Action
						Type="TECHTREE_MODIFY_BUILDABILITY_OBJECT">
						<ParameterList>
							<ObjectType
								Object="GDITiberiumSilo"/>
						</ParameterList>
					</Action>
					<Action
						Type="TECHTREE_MODIFY_BUILDABILITY_OBJECT">
						<ParameterList>
							<ObjectType
								Object="GDIWarFactory"/>
						</ParameterList>
					</Action>
					<Action
						Type="TECHTREE_MODIFY_BUILDABILITY_OBJECT">
						<ParameterList>
							<ObjectType
								Object="MG_GDI_ReclamatorHub"/>
						</ParameterList>
					</Action>
					<Action
						Type="TECHTREE_MODIFY_BUILDABILITY_OBJECT">
						<ParameterList>
							<ObjectType
								Object="NODAirSupport"/>
						</ParameterList>
					</Action>
					<Action
						Type="TECHTREE_MODIFY_BUILDABILITY_OBJECT">
						<ParameterList>
							<ObjectType
								Object="NODCrane"/>
						</ParameterList>
					</Action>
					<Action
						Type="TECHTREE_MODIFY_BUILDABILITY_OBJECT">
						<ParameterList>
							<ObjectType
								Object="NODDisruptionTower"/>
						</ParameterList>
					</Action>
					<Action
						Type="TECHTREE_MODIFY_BUILDABILITY_OBJECT">
						<ParameterList>
							<ObjectType
								Object="NODDropZone"/>
						</ParameterList>
					</Action>
					<Action
						Type="TECHTREE_MODIFY_BUILDABILITY_OBJECT">
						<ParameterList>
							<ObjectType
								Object="NODHandOfNOD"/>
						</ParameterList>
					</Action>
					<Action
						Type="TECHTREE_MODIFY_BUILDABILITY_OBJECT">
						<ParameterList>
							<ObjectType
								Object="NODHangar"/>
						</ParameterList>
					</Action>
					<Action
						Type="TECHTREE_MODIFY_BUILDABILITY_OBJECT">
						<ParameterList>
							<ObjectType
								Object="NODOperationsCenter"/>
						</ParameterList>
					</Action>
					<Action
						Type="TECHTREE_MODIFY_BUILDABILITY_OBJECT">
						<ParameterList>
							<ObjectType
								Object="NODPowerPlant"/>
						</ParameterList>
					</Action>
					<Action
						Type="TECHTREE_MODIFY_BUILDABILITY_OBJECT">
						<ParameterList>
							<ObjectType
								Object="NODRefinery"/>
						</ParameterList>
					</Action>
					<Action
						Type="TECHTREE_MODIFY_BUILDABILITY_OBJECT">
						<ParameterList>
							<ObjectType
								Object="NODSecretShrine"/>
						</ParameterList>
					</Action>
					<Action
						Type="TECHTREE_MODIFY_BUILDABILITY_OBJECT">
						<ParameterList>
							<ObjectType
								Object="NODTechAssemblyPlant"/>
						</ParameterList>
					</Action>
					<Action
						Type="TECHTREE_MODIFY_BUILDABILITY_OBJECT">
						<ParameterList>
							<ObjectType
								Object="GDIMedicalBay"/>
						</ParameterList>
					</Action>
					<Action
						Type="TECHTREE_MODIFY_BUILDABILITY_OBJECT">
						<ParameterList>
							<ObjectType
								Object="NODTempleOfNOD"/>
						</ParameterList>
					</Action>
					<Action
						Type="TECHTREE_MODIFY_BUILDABILITY_OBJECT">
						<ParameterList>
							<ObjectType
								Object="NODTiberiumLiquidationFacility"/>
						</ParameterList>
					</Action>
					<Action
						Type="TECHTREE_MODIFY_BUILDABILITY_OBJECT">
						<ParameterList>
							<ObjectType
								Object="NODTiberiumSilo"/>
						</ParameterList>
					</Action>
					<Action
						Type="TECHTREE_MODIFY_BUILDABILITY_OBJECT">
						<ParameterList>
							<ObjectType
								Object="MG_NOD_WarmechFacility"/>
						</ParameterList>
					</Action>
					<Action
						Type="TECHTREE_MODIFY_BUILDABILITY_OBJECT">
						<ParameterList>
							<ObjectType
								Object="AlienControlCenter"/>
						</ParameterList>
					</Action>
					<Action
						Type="TECHTREE_MODIFY_BUILDABILITY_OBJECT">
						<ParameterList>
							<ObjectType
								Object="AlienFoundry"/>
						</ParameterList>
					</Action>
					<Action
						Type="TECHTREE_MODIFY_BUILDABILITY_OBJECT">
						<ParameterList>
							<ObjectType
								Object="AlienGateway"/>
						</ParameterList>
					</Action>
					<Action
						Type="TECHTREE_MODIFY_BUILDABILITY_OBJECT">
						<ParameterList>
							<ObjectType
								Object="AlienPortal"/>
						</ParameterList>
					</Action>
					<Action
						Type="TECHTREE_MODIFY_BUILDABILITY_OBJECT">
						<ParameterList>
							<ObjectType
								Object="AlienPowerProjector"/>
						</ParameterList>
					</Action>
					<Action
						Type="TECHTREE_MODIFY_BUILDABILITY_OBJECT">
						<ParameterList>
							<ObjectType
								Object="AlienReactor"/>
						</ParameterList>
					</Action>
					<Action
						Type="TECHTREE_MODIFY_BUILDABILITY_OBJECT">
						<ParameterList>
							<ObjectType
								Object="AlienRiftGenerator"/>
						</ParameterList>
					</Action>
					<Action
						Type="TECHTREE_MODIFY_BUILDABILITY_OBJECT">
						<ParameterList>
							<ObjectType
								Object="AlienSignalTransmitter"/>
						</ParameterList>
					</Action>
					<Action
						Type="TECHTREE_MODIFY_BUILDABILITY_OBJECT">
						<ParameterList>
							<ObjectType
								Object="AlienStatisChamber"/>
						</ParameterList>
					</Action>
					<Action
						Type="TECHTREE_MODIFY_BUILDABILITY_OBJECT">
						<ParameterList>
							<ObjectType
								Object="AlienTiberiumTower"/>
						</ParameterList>
					</Action>
					<Action
						Type="TECHTREE_MODIFY_BUILDABILITY_OBJECT">
						<ParameterList>
							<ObjectType
								Object="AlienWarpBeacon"/>
						</ParameterList>
					</Action>
					<Action
						Type="TECHTREE_MODIFY_BUILDABILITY_OBJECT">
						<ParameterList>
							<ObjectType
								Object="AlienSporePod"/>
						</ParameterList>
					</Action>
					<Action
						Type="TECHTREE_MODIFY_BUILDABILITY_OBJECT">
						<ParameterList>
							<ObjectType
								Object="MG_Alien_Hive"/>
						</ParameterList>
					</Action>
					<Action
						Type="TECHTREE_MODIFY_BUILDABILITY_OBJECT">
						<ParameterList>
							<ObjectType
								Object="AlienBuzzerHive"/>
						</ParameterList>
					</Action>
					<Action
						Type="TECHTREE_MODIFY_BUILDABILITY_OBJECT">
						<ParameterList>
							<ObjectType
								Object="BlackHandRefinery"/>
						</ParameterList>
					</Action>
					<Action
						Type="TECHTREE_MODIFY_BUILDABILITY_OBJECT">
						<ParameterList>
							<ObjectType
								Object="MarkedOfKaneRefinery"/>
						</ParameterList>
					</Action>
					<Action
						Type="TECHTREE_MODIFY_BUILDABILITY_OBJECT">
						<ParameterList>
							<ObjectType
								Object="Reaper17TiberiumTower"/>
						</ParameterList>
					</Action>
					<Action
						Type="TECHTREE_MODIFY_BUILDABILITY_OBJECT">
						<ParameterList>
							<ObjectType
								Object="SteelTalonsRefinery"/>
						</ParameterList>
					</Action>
					<Action
						Type="TECHTREE_MODIFY_BUILDABILITY_OBJECT">
						<ParameterList>
							<ObjectType
								Object="Traveler59TiberiumTower"/>
						</ParameterList>
					</Action>
					<Action
						Type="TECHTREE_MODIFY_BUILDABILITY_OBJECT">
						<ParameterList>
							<ObjectType
								Object="ZOCOMRefinery"/>
						</ParameterList>
					</Action>
					<Action
						Type="TECHTREE_MODIFY_BUILDABILITY_OBJECT">
						<ParameterList>
							<ObjectType
								Object="BlackHandPowerPlant"/>
						</ParameterList>
					</Action>
					<Action
						Type="TECHTREE_MODIFY_BUILDABILITY_OBJECT">
						<ParameterList>
							<ObjectType
								Object="MarkedOfKanePowerPlant"/>
						</ParameterList>
					</Action>
					<Action
						Type="TECHTREE_MODIFY_BUILDABILITY_OBJECT">
						<ParameterList>
							<ObjectType
								Object="Reaper17Reactor"/>
						</ParameterList>
					</Action>
					<Action
						Type="TECHTREE_MODIFY_BUILDABILITY_OBJECT">
						<ParameterList>
							<ObjectType
								Object="SteelTalonsPowerPlant"/>
						</ParameterList>
					</Action>
					<Action
						Type="TECHTREE_MODIFY_BUILDABILITY_OBJECT">
						<ParameterList>
							<ObjectType
								Object="Traveler59Reactor"/>
						</ParameterList>
					</Action>
					<Action
						Type="TECHTREE_MODIFY_BUILDABILITY_OBJECT">
						<ParameterList>
							<ObjectType
								Object="ZOCOMPowerPlant"/>
						</ParameterList>
					</Action>
					<Action
						Type="DISABLE_UI_FIXED_ELEMENT">
						<ParameterList/>
					</Action>
					<Action
						Type="TECHTREE_MODIFY_BUILDABILITY_OBJECT">
						<ParameterList>
							<ObjectType
								Object="GDIMCV"/>
						</ParameterList>
					</Action>
					<Action
						Type="TECHTREE_MODIFY_BUILDABILITY_OBJECT">
						<ParameterList>
							<ObjectType
								Object="NODMCV"/>
						</ParameterList>
					</Action>
					<Action
						Type="TECHTREE_MODIFY_BUILDABILITY_OBJECT">
						<ParameterList>
							<ObjectType
								Object="GDISurveyor"/>
						</ParameterList>
					</Action>
					<Action
						Type="TECHTREE_MODIFY_BUILDABILITY_OBJECT">
						<ParameterList>
							<ObjectType
								Object="NODEmissary"/>
						</ParameterList>
					</Action>
					<Action
						Type="TECHTREE_MODIFY_BUILDABILITY_OBJECT">
						<ParameterList>
							<ObjectType
								Object="NODCommando"/>
						</ParameterList>
					</Action>
					<Action
						Type="TECHTREE_MODIFY_BUILDABILITY_OBJECT">
						<ParameterList>
							<ObjectType
								Object="GDICommando"/>
						</ParameterList>
					</Action>
					<Action
						Type="TECHTREE_MODIFY_BUILDABILITY_OBJECT">
						<ParameterList>
							<ObjectType
								Object="GDIHarvester"/>
						</ParameterList>
					</Action>
					<Action
						Type="TECHTREE_MODIFY_BUILDABILITY_OBJECT">
						<ParameterList>
							<ObjectType
								Object="NODHarvester"/>
						</ParameterList>
					</Action>
					<Action
						Type="TECHTREE_MODIFY_BUILDABILITY_OBJECT">
						<ParameterList>
							<ObjectType
								Object="NODPropagandaTower"/>
						</ParameterList>
					</Action>
					<Action
						Type="TECHTREE_MODIFY_BUILDABILITY_OBJECT">
						<ParameterList>
							<ObjectType
								Object="NODRocketBunker"/>
						</ParameterList>
					</Action>
				</Script>
				<Script
					id="Disable all powers, and upgrades TD">
					<Action
						Type="PLAYER_SPECIAL_POWER_AVAILABILITY">
						<ParameterList/>
					</Action>
					<Action
						Type="PLAYER_SPECIAL_POWER_AVAILABILITY">
						<ParameterList/>
					</Action>
					<Action
						Type="PLAYER_SPECIAL_POWER_AVAILABILITY">
						<ParameterList/>
					</Action>
					<Action
						Type="PLAYER_SPECIAL_POWER_AVAILABILITY">
						<ParameterList/>
					</Action>
					<Action
						Type="PLAYER_SPECIAL_POWER_AVAILABILITY">
						<ParameterList/>
					</Action>
					<Action
						Type="PLAYER_SPECIAL_POWER_AVAILABILITY">
						<ParameterList/>
					</Action>
					<Action
						Type="PLAYER_SPECIAL_POWER_AVAILABILITY">
						<ParameterList/>
					</Action>
					<Action
						Type="PLAYER_SPECIAL_POWER_AVAILABILITY">
						<ParameterList/>
					</Action>
					<Action
						Type="PLAYER_SPECIAL_POWER_AVAILABILITY">
						<ParameterList/>
					</Action>
					<Action
						Type="PLAYER_SPECIAL_POWER_AVAILABILITY">
						<ParameterList/>
					</Action>
					<Action
						Type="PLAYER_SPECIAL_POWER_AVAILABILITY">
						<ParameterList/>
					</Action>
					<Action
						Type="PLAYER_SPECIAL_POWER_AVAILABILITY">
						<ParameterList/>
					</Action>
					<Action
						Type="PLAYER_SPECIAL_POWER_AVAILABILITY">
						<ParameterList/>
					</Action>
					<Action
						Type="PLAYER_SPECIAL_POWER_AVAILABILITY">
						<ParameterList/>
					</Action>
					<Action
						Type="PLAYER_SPECIAL_POWER_AVAILABILITY">
						<ParameterList/>
					</Action>
					<Action
						Type="PLAYER_SPECIAL_POWER_AVAILABILITY">
						<ParameterList/>
					</Action>
					<Action
						Type="PLAYER_SPECIAL_POWER_AVAILABILITY">
						<ParameterList/>
					</Action>
					<Action
						Type="PLAYER_SPECIAL_POWER_AVAILABILITY">
						<ParameterList/>
					</Action>
					<Action
						Type="PLAYER_SPECIAL_POWER_AVAILABILITY">
						<ParameterList/>
					</Action>
					<Action
						Type="PLAYER_SPECIAL_POWER_AVAILABILITY">
						<ParameterList/>
					</Action>
					<Action
						Type="PLAYER_SPECIAL_POWER_AVAILABILITY">
						<ParameterList/>
					</Action>
					<Action
						Type="PLAYER_SPECIAL_POWER_AVAILABILITY">
						<ParameterList/>
					</Action>
					<Action
						Type="PLAYER_SPECIAL_POWER_AVAILABILITY">
						<ParameterList/>
					</Action>
					<Action
						Type="PLAYER_SPECIAL_POWER_AVAILABILITY">
						<ParameterList/>
					</Action>
					<Action
						Type="PLAYER_SPECIAL_POWER_AVAILABILITY">
						<ParameterList/>
					</Action>
					<Action
						Type="PLAYER_SPECIAL_POWER_AVAILABILITY">
						<ParameterList/>
					</Action>
					<Action
						Type="PLAYER_SPECIAL_POWER_AVAILABILITY">
						<ParameterList/>
					</Action>
					<Action
						Type="PLAYER_SPECIAL_POWER_AVAILABILITY">
						<ParameterList/>
					</Action>
					<Action
						Type="PLAYER_SPECIAL_POWER_AVAILABILITY">
						<ParameterList/>
					</Action>
					<Action
						Type="PLAYER_SPECIAL_POWER_AVAILABILITY">
						<ParameterList/>
					</Action>
					<Action
						Type="PLAYER_SPECIAL_POWER_AVAILABILITY">
						<ParameterList/>
					</Action>
					<Action
						Type="PLAYER_SPECIAL_POWER_AVAILABILITY">
						<ParameterList/>
					</Action>
					<Action
						Type="PLAYER_SPECIAL_POWER_AVAILABILITY">
						<ParameterList/>
					</Action>
					<Action
						Type="PLAYER_SPECIAL_POWER_AVAILABILITY">
						<ParameterList/>
					</Action>
					<Action
						Type="PLAYER_SPECIAL_POWER_AVAILABILITY">
						<ParameterList/>
					</Action>
					<Action
						Type="PLAYER_SPECIAL_POWER_AVAILABILITY">
						<ParameterList/>
					</Action>
					<Action
						Type="PLAYER_SPECIAL_POWER_AVAILABILITY">
						<ParameterList/>
					</Action>
					<Action
						Type="PLAYER_SPECIAL_POWER_AVAILABILITY">
						<ParameterList/>
					</Action>
					<Action
						Type="PLAYER_SPECIAL_POWER_AVAILABILITY">
						<ParameterList/>
					</Action>
					<Action
						Type="PLAYER_SPECIAL_POWER_AVAILABILITY">
						<ParameterList/>
					</Action>
					<Action
						Type="PLAYER_SPECIAL_POWER_AVAILABILITY">
						<ParameterList/>
					</Action>
					<Action
						Type="PLAYER_SPECIAL_POWER_AVAILABILITY">
						<ParameterList/>
					</Action>
					<Action
						Type="PLAYER_SPECIAL_POWER_AVAILABILITY">
						<ParameterList/>
					</Action>
					<Action
						Type="PLAYER_SPECIAL_POWER_AVAILABILITY">
						<ParameterList/>
					</Action>
					<Action
						Type="PLAYER_SPECIAL_POWER_AVAILABILITY">
						<ParameterList/>
					</Action>
					<Action
						Type="PLAYER_SPECIAL_POWER_AVAILABILITY">
						<ParameterList/>
					</Action>
					<Action
						Type="PLAYER_SPECIAL_POWER_AVAILABILITY">
						<ParameterList/>
					</Action>
					<Action
						Type="PLAYER_SPECIAL_POWER_AVAILABILITY">
						<ParameterList/>
					</Action>
					<Action
						Type="PLAYER_SPECIAL_POWER_AVAILABILITY">
						<ParameterList/>
					</Action>
					<Action
						Type="PLAYER_SPECIAL_POWER_AVAILABILITY">
						<ParameterList/>
					</Action>
					<Action
						Type="PLAYER_SPECIAL_POWER_AVAILABILITY">
						<ParameterList/>
					</Action>
					<Action
						Type="PLAYER_SPECIAL_POWER_AVAILABILITY">
						<ParameterList/>
					</Action>
					<Action
						Type="PLAYER_SPECIAL_POWER_AVAILABILITY">
						<ParameterList/>
					</Action>
					<Action
						Type="PLAYER_SPECIAL_POWER_AVAILABILITY">
						<ParameterList/>
					</Action>
					<Action
						Type="PLAYER_SPECIAL_POWER_AVAILABILITY">
						<ParameterList/>
					</Action>
					<Action
						Type="PLAYER_SPECIAL_POWER_AVAILABILITY">
						<ParameterList/>
					</Action>
					<Action
						Type="PLAYER_SPECIAL_POWER_AVAILABILITY">
						<ParameterList/>
					</Action>
					<Action
						Type="PLAYER_SPECIAL_POWER_AVAILABILITY">
						<ParameterList/>
					</Action>
					<Action
						Type="PLAYER_SPECIAL_POWER_AVAILABILITY">
						<ParameterList/>
					</Action>
					<Action
						Type="PLAYER_SPECIAL_POWER_AVAILABILITY">
						<ParameterList/>
					</Action>
					<Action
						Type="PLAYER_SPECIAL_POWER_AVAILABILITY">
						<ParameterList/>
					</Action>
					<Action
						Type="PLAYER_SPECIAL_POWER_AVAILABILITY">
						<ParameterList/>
					</Action>
					<Action
						Type="PLAYER_SPECIAL_POWER_AVAILABILITY">
						<ParameterList/>
					</Action>
					<Action
						Type="PLAYER_SPECIAL_POWER_AVAILABILITY">
						<ParameterList/>
					</Action>
				</Script>
				<Script
					id="Add secs">
					<Action
						Type="INCREMENT_COUNTER">
						<ParameterList/>
					</Action>
					<Action
						Type="ADD_TO_MSEC_TIMER">
						<ParameterList/>
					</Action>
				</Script>
			</ScriptGroup>
			<ScriptGroup
				id="levels">
				<Script
					id="b1">
					<Action
						Type="PLAY_SOUND_AS_IF_IT_WAS_AN_EVA_EVENT">
						<ParameterList/>
					</Action>
					<Action
						Type="INCREMENT_COUNTER">
						<ParameterList/>
					</Action>
					<Action
						Type="NAMED_ATTACK_NAMED">
						<ParameterList/>
					</Action>
				</Script>
				<Script
					id="b2">
					<Action
						Type="PLAY_SOUND_AS_IF_IT_WAS_AN_EVA_EVENT">
						<ParameterList/>
					</Action>
					<Action
						Type="PLAYER_GIVE_MONEY">
						<ParameterList/>
					</Action>
					<Action
						Type="INCREMENT_COUNTER">
						<ParameterList/>
					</Action>
					<Action
						Type="MOVE_NAMED_UNIT_TO">
						<ParameterList/>
					</Action>
				</Script>
				<Script
					id="b2__1">
					<Action
						Type="NAMED_DAMAGE">
						<ParameterList/>
					</Action>
				</Script>
				<Script
					id="b3">
					<Action
						Type="PLAY_SOUND_AS_IF_IT_WAS_AN_EVA_EVENT">
						<ParameterList/>
					</Action>
					<Action
						Type="PLAYER_GIVE_MONEY">
						<ParameterList/>
					</Action>
					<Action
						Type="INCREMENT_COUNTER">
						<ParameterList/>
					</Action>
					<Action
						Type="NAMED_ATTACK_NAMED">
						<ParameterList/>
					</Action>
				</Script>
				<Script
					id="b4">
					<Action
						Type="PLAY_SOUND_AS_IF_IT_WAS_AN_EVA_EVENT">
						<ParameterList/>
					</Action>
					<Action
						Type="PLAYER_GIVE_MONEY">
						<ParameterList/>
					</Action>
					<Action
						Type="INCREMENT_COUNTER">
						<ParameterList/>
					</Action>
					<Action
						Type="MOVE_NAMED_UNIT_TO">
						<ParameterList/>
					</Action>
				</Script>
				<Script
					id="b4__2">
					<Action
						Type="NAMED_DAMAGE">
						<ParameterList/>
					</Action>
				</Script>
				<Script
					id="b3__1">
					<Action
						Type="PLAY_SOUND_AS_IF_IT_WAS_AN_EVA_EVENT">
						<ParameterList/>
					</Action>
					<Action
						Type="PLAYER_GIVE_MONEY">
						<ParameterList/>
					</Action>
					<Action
						Type="INCREMENT_COUNTER">
						<ParameterList/>
					</Action>
					<Action
						Type="NAMED_ATTACK_NAMED">
						<ParameterList/>
					</Action>
				</Script>
				<Script
					id="b4__3">
					<Action
						Type="NAMED_USE_COMMANDBUTTON_ABILITY_ON_NAMED">
						<ParameterList/>
					</Action>
				</Script>
				<Script
					id="b3__2">
					<Action
						Type="PLAY_SOUND_AS_IF_IT_WAS_AN_EVA_EVENT">
						<ParameterList/>
					</Action>
					<Action
						Type="PLAYER_GIVE_MONEY">
						<ParameterList/>
					</Action>
					<Action
						Type="INCREMENT_COUNTER">
						<ParameterList/>
					</Action>
					<Action
						Type="NAMED_ATTACK_NAMED">
						<ParameterList/>
					</Action>
				</Script>
				<Script
					id="b3__3">
					<Action
						Type="PLAY_SOUND_AS_IF_IT_WAS_AN_EVA_EVENT">
						<ParameterList/>
					</Action>
					<Action
						Type="PLAYER_GIVE_MONEY">
						<ParameterList/>
					</Action>
					<Action
						Type="INCREMENT_COUNTER">
						<ParameterList/>
					</Action>
					<Action
						Type="NAMED_ATTACK_NAMED">
						<ParameterList/>
					</Action>
				</Script>
				<Script
					id="b3__4">
					<Action
						Type="PLAY_SOUND_AS_IF_IT_WAS_AN_EVA_EVENT">
						<ParameterList/>
					</Action>
					<Action
						Type="PLAYER_GIVE_MONEY">
						<ParameterList/>
					</Action>
					<Action
						Type="INCREMENT_COUNTER">
						<ParameterList/>
					</Action>
					<Action
						Type="NAMED_ATTACK_NAMED">
						<ParameterList/>
					</Action>
				</Script>
				<Script
					id="b3__5">
					<Action
						Type="PLAY_SOUND_AS_IF_IT_WAS_AN_EVA_EVENT">
						<ParameterList/>
					</Action>
					<Action
						Type="PLAYER_GIVE_MONEY">
						<ParameterList/>
					</Action>
					<Action
						Type="INCREMENT_COUNTER">
						<ParameterList/>
					</Action>
					<Action
						Type="NAMED_ATTACK_NAMED">
						<ParameterList/>
					</Action>
				</Script>
				<Script
					id="b3__6">
					<Action
						Type="PLAY_SOUND_AS_IF_IT_WAS_AN_EVA_EVENT">
						<ParameterList/>
					</Action>
					<Action
						Type="PLAYER_GIVE_MONEY">
						<ParameterList/>
					</Action>
					<Action
						Type="INCREMENT_COUNTER">
						<ParameterList/>
					</Action>
					<Action
						Type="NAMED_ATTACK_NAMED">
						<ParameterList/>
					</Action>
				</Script>
				<Script
					id="b3__7">
					<Action
						Type="PLAY_SOUND_AS_IF_IT_WAS_AN_EVA_EVENT">
						<ParameterList/>
					</Action>
					<Action
						Type="PLAYER_GIVE_MONEY">
						<ParameterList/>
					</Action>
					<Action
						Type="INCREMENT_COUNTER">
						<ParameterList/>
					</Action>
					<Action
						Type="NAMED_ATTACK_NAMED">
						<ParameterList/>
					</Action>
				</Script>
				<Script
					id="b3__8">
					<Action
						Type="PLAY_SOUND_AS_IF_IT_WAS_AN_EVA_EVENT">
						<ParameterList/>
					</Action>
					<Action
						Type="PLAYER_GIVE_MONEY">
						<ParameterList/>
					</Action>
					<Action
						Type="INCREMENT_COUNTER">
						<ParameterList/>
					</Action>
					<Action
						Type="NAMED_ATTACK_NAMED">
						<ParameterList/>
					</Action>
				</Script>
				<Script
					id="b3__9">
					<Action
						Type="PLAY_SOUND_AS_IF_IT_WAS_AN_EVA_EVENT">
						<ParameterList/>
					</Action>
					<Action
						Type="PLAYER_GIVE_MONEY">
						<ParameterList/>
					</Action>
					<Action
						Type="INCREMENT_COUNTER">
						<ParameterList/>
					</Action>
					<Action
						Type="MOVE_NAMED_UNIT_TO">
						<ParameterList/>
					</Action>
				</Script>
				<Script
					id="b4__3 1">
					<Action
						Type="NAMED_DAMAGE">
						<ParameterList/>
					</Action>
				</Script>
				<Script
					id="b3__9 1">
					<Action
						Type="PLAY_SOUND_AS_IF_IT_WAS_AN_EVA_EVENT">
						<ParameterList/>
					</Action>
					<Action
						Type="PLAYER_GIVE_MONEY">
						<ParameterList/>
					</Action>
					<Action
						Type="INCREMENT_COUNTER">
						<ParameterList/>
					</Action>
					<Action
						Type="MOVE_NAMED_UNIT_TO">
						<ParameterList/>
					</Action>
				</Script>
				<Script
					id="b4__4 1">
					<Action
						Type="NAMED_DAMAGE">
						<ParameterList/>
					</Action>
				</Script>
				<Script
					id="b3__9 2">
					<Action
						Type="PLAY_SOUND_AS_IF_IT_WAS_AN_EVA_EVENT">
						<ParameterList/>
					</Action>
					<Action
						Type="PLAYER_GIVE_MONEY">
						<ParameterList/>
					</Action>
					<Action
						Type="INCREMENT_COUNTER">
						<ParameterList/>
					</Action>
					<Action
						Type="NAMED_ATTACK_NAMED">
						<ParameterList/>
					</Action>
				</Script>
				<Script
					id="b3__10">
					<Action
						Type="PLAY_SOUND_AS_IF_IT_WAS_AN_EVA_EVENT">
						<ParameterList/>
					</Action>
					<Action
						Type="PLAYER_GIVE_MONEY">
						<ParameterList/>
					</Action>
					<Action
						Type="INCREMENT_COUNTER">
						<ParameterList/>
					</Action>
					<Action
						Type="NAMED_ATTACK_NAMED">
						<ParameterList/>
					</Action>
				</Script>
				<Script
					id="b3__11">
					<Action
						Type="PLAY_SOUND_AS_IF_IT_WAS_AN_EVA_EVENT">
						<ParameterList/>
					</Action>
					<Action
						Type="PLAYER_GIVE_MONEY">
						<ParameterList/>
					</Action>
					<Action
						Type="INCREMENT_COUNTER">
						<ParameterList/>
					</Action>
					<Action
						Type="NAMED_ATTACK_NAMED">
						<ParameterList/>
					</Action>
				</Script>
				<Script
					id="b3__12">
					<Action
						Type="PLAY_SOUND_AS_IF_IT_WAS_AN_EVA_EVENT">
						<ParameterList/>
					</Action>
					<Action
						Type="PLAYER_GIVE_MONEY">
						<ParameterList/>
					</Action>
					<Action
						Type="INCREMENT_COUNTER">
						<ParameterList/>
					</Action>
					<Action
						Type="NAMED_ATTACK_NAMED">
						<ParameterList/>
					</Action>
				</Script>
				<Script
					id="b3__13">
					<Action
						Type="PLAY_SOUND_AS_IF_IT_WAS_AN_EVA_EVENT">
						<ParameterList/>
					</Action>
					<Action
						Type="PLAYER_GIVE_MONEY">
						<ParameterList/>
					</Action>
					<Action
						Type="INCREMENT_COUNTER">
						<ParameterList/>
					</Action>
					<Action
						Type="NAMED_ATTACK_NAMED">
						<ParameterList/>
					</Action>
				</Script>
				<Script
					id="b3__14">
					<Action
						Type="PLAY_SOUND_AS_IF_IT_WAS_AN_EVA_EVENT">
						<ParameterList/>
					</Action>
					<Action
						Type="PLAYER_GIVE_MONEY">
						<ParameterList/>
					</Action>
					<Action
						Type="INCREMENT_COUNTER">
						<ParameterList/>
					</Action>
					<Action
						Type="NAMED_ATTACK_NAMED">
						<ParameterList/>
					</Action>
				</Script>
				<Script
					id="b3__15">
					<Action
						Type="PLAY_SOUND_AS_IF_IT_WAS_AN_EVA_EVENT">
						<ParameterList/>
					</Action>
					<Action
						Type="PLAYER_GIVE_MONEY">
						<ParameterList/>
					</Action>
					<Action
						Type="INCREMENT_COUNTER">
						<ParameterList/>
					</Action>
					<Action
						Type="NAMED_ATTACK_NAMED">
						<ParameterList/>
					</Action>
				</Script>
				<Script
					id="b3__16">
					<Action
						Type="PLAY_SOUND_AS_IF_IT_WAS_AN_EVA_EVENT">
						<ParameterList/>
					</Action>
					<Action
						Type="PLAYER_GIVE_MONEY">
						<ParameterList/>
					</Action>
					<Action
						Type="INCREMENT_COUNTER">
						<ParameterList/>
					</Action>
					<Action
						Type="NAMED_ATTACK_NAMED">
						<ParameterList/>
					</Action>
				</Script>
				<Script
					id="b4__4 2">
					<Action
						Type="TEAM_USE_COMMANDBUTTON_ABILITY_ON_NAMED">
						<ParameterList/>
					</Action>
				</Script>
				<Script
					id="b3__17">
					<Action
						Type="PLAY_SOUND_AS_IF_IT_WAS_AN_EVA_EVENT">
						<ParameterList/>
					</Action>
					<Action
						Type="PLAYER_GIVE_MONEY">
						<ParameterList/>
					</Action>
					<Action
						Type="INCREMENT_COUNTER">
						<ParameterList/>
					</Action>
					<Action
						Type="NAMED_ATTACK_NAMED">
						<ParameterList/>
					</Action>
				</Script>
				<Script
					id="b3__18">
					<Action
						Type="PLAY_SOUND_AS_IF_IT_WAS_AN_EVA_EVENT">
						<ParameterList/>
					</Action>
					<Action
						Type="PLAYER_GIVE_MONEY">
						<ParameterList/>
					</Action>
					<Action
						Type="INCREMENT_COUNTER">
						<ParameterList/>
					</Action>
					<Action
						Type="NAMED_ATTACK_NAMED">
						<ParameterList/>
					</Action>
				</Script>
				<Script
					id="b3__19">
					<Action
						Type="PLAY_SOUND_AS_IF_IT_WAS_AN_EVA_EVENT">
						<ParameterList/>
					</Action>
					<Action
						Type="PLAYER_GIVE_MONEY">
						<ParameterList/>
					</Action>
					<Action
						Type="INCREMENT_COUNTER">
						<ParameterList/>
					</Action>
					<Action
						Type="NAMED_ATTACK_NAMED">
						<ParameterList/>
					</Action>
				</Script>
				<Script
					id="b3__20">
					<Action
						Type="PLAY_SOUND_AS_IF_IT_WAS_AN_EVA_EVENT">
						<ParameterList/>
					</Action>
					<Action
						Type="PLAYER_GIVE_MONEY">
						<ParameterList/>
					</Action>
					<Action
						Type="INCREMENT_COUNTER">
						<ParameterList/>
					</Action>
					<Action
						Type="NAMED_ATTACK_NAMED">
						<ParameterList/>
					</Action>
				</Script>
				<Script
					id="b3__21">
					<Action
						Type="PLAY_SOUND_AS_IF_IT_WAS_AN_EVA_EVENT">
						<ParameterList/>
					</Action>
					<Action
						Type="PLAYER_GIVE_MONEY">
						<ParameterList/>
					</Action>
					<Action
						Type="INCREMENT_COUNTER">
						<ParameterList/>
					</Action>
					<Action
						Type="NAMED_ATTACK_NAMED">
						<ParameterList/>
					</Action>
				</Script>
				<Script
					id="b3__22">
					<Action
						Type="PLAY_SOUND_AS_IF_IT_WAS_AN_EVA_EVENT">
						<ParameterList/>
					</Action>
					<Action
						Type="PLAYER_GIVE_MONEY">
						<ParameterList/>
					</Action>
					<Action
						Type="INCREMENT_COUNTER">
						<ParameterList/>
					</Action>
					<Action
						Type="NAMED_ATTACK_NAMED">
						<ParameterList/>
					</Action>
				</Script>
				<Script
					id="b3__23">
					<Action
						Type="PLAY_SOUND_AS_IF_IT_WAS_AN_EVA_EVENT">
						<ParameterList/>
					</Action>
					<Action
						Type="PLAYER_GIVE_MONEY">
						<ParameterList/>
					</Action>
					<Action
						Type="INCREMENT_COUNTER">
						<ParameterList/>
					</Action>
					<Action
						Type="MOVE_NAMED_UNIT_TO">
						<ParameterList/>
					</Action>
				</Script>
				<Script
					id="b3__24">
					<Action
						Type="CREATE_UNNAMED_ON_TEAM_AT_WAYPOINT">
						<ParameterList>
							<ObjectType
								Object="NODNukeSeed"/>
						</ParameterList>
					</Action>
				</Script>
				<Script
					id="b3__24 1">
					<Action
						Type="PLAY_SOUND_AS_IF_IT_WAS_AN_EVA_EVENT">
						<ParameterList/>
					</Action>
					<Action
						Type="PLAYER_GIVE_MONEY">
						<ParameterList/>
					</Action>
					<Action
						Type="INCREMENT_COUNTER">
						<ParameterList/>
					</Action>
					<Action
						Type="NAMED_ATTACK_NAMED">
						<ParameterList/>
					</Action>
					<Action
						Type="MUSIC_SET_TRACK">
						<ParameterList/>
					</Action>
				</Script>
				<Script
					id="b3__25">
					<Action
						Type="SET_MILLISECOND_TIMER">
						<ParameterList/>
					</Action>
				</Script>
				<Script
					id="b3__25 1">
					<Action
						Type="PLAY_SOUND_AS_IF_IT_WAS_AN_EVA_EVENT">
						<ParameterList/>
					</Action>
					<Action
						Type="PLAYER_GIVE_MONEY">
						<ParameterList/>
					</Action>
					<Action
						Type="INCREMENT_COUNTER">
						<ParameterList/>
					</Action>
					<Action
						Type="CREATE_REINFORCEMENT_TEAM">
						<ParameterList/>
					</Action>
					<Action
						Type="TEAM_FOLLOW_WAYPOINTS">
						<ParameterList/>
					</Action>
					<Action
						Type="SHOW_MILITARY_CAPTION">
						<ParameterList/>
					</Action>
					<Action
						Type="CREATE_NAMED_ON_TEAM_AT_WAYPOINT">
						<ParameterList>
							<ObjectType
								Object="GDIGrenadeSoldierSquad"/>
						</ParameterList>
					</Action>
					<Action
						Type="CREATE_NAMED_ON_TEAM_AT_WAYPOINT">
						<ParameterList>
							<ObjectType
								Object="GDIGrenadeSoldierSquad"/>
						</ParameterList>
					</Action>
					<Action
						Type="UNIT_AFFECT_OBJECT_PANEL_FLAGS">
						<ParameterList/>
					</Action>
					<Action
						Type="UNIT_AFFECT_OBJECT_PANEL_FLAGS">
						<ParameterList/>
					</Action>
					<Action
						Type="SET_COUNTER">
						<ParameterList/>
					</Action>
				</Script>
				<Script
					id="b3__26">
					<Action
						Type="TEAM_ATTACK_NAMED">
						<ParameterList/>
					</Action>
				</Script>
				<Script
					id="b3__26 1">
					<Action
						Type="PLAY_SOUND_AS_IF_IT_WAS_AN_EVA_EVENT">
						<ParameterList/>
					</Action>
					<Action
						Type="PLAYER_GIVE_MONEY">
						<ParameterList/>
					</Action>
					<Action
						Type="INCREMENT_COUNTER">
						<ParameterList/>
					</Action>
					<Action
						Type="TEAM_FOLLOW_WAYPOINTS">
						<ParameterList/>
					</Action>
					<Action
						Type="TEAM_FOLLOW_WAYPOINTS">
						<ParameterList/>
					</Action>
				</Script>
				<Script
					id="b3__27">
					<Action
						Type="TEAM_ATTACK_NAMED">
						<ParameterList/>
					</Action>
					<Action
						Type="TEAM_ATTACK_NAMED">
						<ParameterList/>
					</Action>
				</Script>
				<Script
					id="b3__28">
					<Action
						Type="PLAY_SOUND_AS_IF_IT_WAS_AN_EVA_EVENT">
						<ParameterList/>
					</Action>
					<Action
						Type="PLAYER_GIVE_MONEY">
						<ParameterList/>
					</Action>
					<Action
						Type="SET_COUNTER">
						<ParameterList/>
					</Action>
					<Action
						Type="NAMED_FOLLOW_WAYPOINTS">
						<ParameterList/>
					</Action>
					<Action
						Type="MUSIC_SET_TRACK">
						<ParameterList/>
					</Action>
				</Script>
				<Script
					id="b3__27 1">
					<Action
						Type="NAMED_DAMAGE">
						<ParameterList/>
					</Action>
				</Script>
			</ScriptGroup>
		</ScriptSet>
	</GameScriptList>
	<GameScriptList
		id="Player_4">
		<ScriptSet/>
	</GameScriptList>
</AssetDeclaration>