<?xml version="1.0" encoding="UTF-8"?>
<AssetDeclaration
	xmlns="uri:ea.com:eala:asset"
	xmlns:xsi="http://www.w3.org/2001/XMLSchema-instance">
	<Tags/>
	<Includes>
		<Include
			source="DATA:static.xml"
			type="reference"/>
		<Include
			source="DATA:global.xml"
			type="reference"/>
		<Include
			source="ART:DCWashington3_vol.xml"
			type="instance"/>
		<Include
			source="ART:EVDefault.xml"
			type="instance"/>
		<Include
			source="ART:TSCloudMed.xml"
			type="instance"/>
		<Include
			source="ART:TSNoiseUrb.xml"
			type="instance"/>
		<Include
			source="DATA:GlobalData/roads.xml"
			type="instance"/>
		<Include
			source="DATA:sounds/musicscript_bluezone.xml"
			type="instance"/>
		<Include
			source="overrides.xml"
			type="all"/>
	</Includes>
	<GameMap
		id="erlNitemutantmauraderarena">
		<Waypoint
			id="Waypoint 86">
			<Position
				x="115.572"
				y="405.686"
				z="0"/>
		</Waypoint>
		<Waypoint
			id="Waypoint 85">
			<Position
				x="353.88"
				y="593.843"
				z="0"/>
		</Waypoint>
		<Waypoint
			id="Waypoint 84">
			<Position
				x="980.924"
				y="654.097"
				z="0"/>
		</Waypoint>
		<Waypoint
			id="Waypoint 83">
			<Position
				x="1709.29"
				y="608.402"
				z="0"/>
		</Waypoint>
		<Waypoint
			id="Waypoint 82">
			<Position
				x="1875.92"
				y="377.237"
				z="0"/>
		</Waypoint>
		<Waypoint
			id="Waypoint 81">
			<Position
				x="1780.06"
				y="128.153"
				z="0"/>
		</Waypoint>
		<Waypoint
			id="Waypoint 80">
			<Position
				x="938.946"
				y="161.64"
				z="0"/>
		</Waypoint>
		<Waypoint
			id="Waypoint 79">
			<Position
				x="370.053"
				y="201.96"
				z="0"/>
		</Waypoint>
		<Waypoint
			id="Waypoint 78">
			<Position
				x="835.918"
				y="377.573"
				z="0"/>
		</Waypoint>
		<Waypoint
			id="Waypoint 77">
			<Position
				x="981.025"
				y="573.931"
				z="0"/>
		</Waypoint>
		<Waypoint
			id="Waypoint 76">
			<Position
				x="1514.98"
				y="632.17"
				z="0"/>
		</Waypoint>
		<Waypoint
			id="Waypoint 75">
			<Position
				x="1751.49"
				y="377.71"
				z="0"/>
		</Waypoint>
		<Waypoint
			id="Waypoint 74">
			<Position
				x="1700.43"
				y="139.377"
				z="0"/>
		</Waypoint>
		<Waypoint
			id="Waypoint 73">
			<Position
				x="954.267"
				y="185.602"
				z="0"/>
		</Waypoint>
		<Waypoint
			id="Waypoint 72">
			<Position
				x="367.456"
				y="156.93"
				z="0"/>
		</Waypoint>
		<Waypoint
			id="Waypoint 71">
			<Position
				x="246.51"
				y="419.454"
				z="0"/>
		</Waypoint>
		<Waypoint
			id="Waypoint 70">
			<Position
				x="322.661"
				y="662.267"
				z="0"/>
		</Waypoint>
		<Waypoint
			id="Waypoint 69">
			<Position
				x="863.782"
				y="493.821"
				z="0"/>
		</Waypoint>
		<Waypoint
			id="Waypoint 68">
			<Position
				x="1821.66"
				y="385.449"
				z="0"/>
		</Waypoint>
		<Waypoint
			id="Waypoint 67">
			<Position
				x="1657.79"
				y="625.42"
				z="0"/>
		</Waypoint>
		<Waypoint
			id="Waypoint 66">
			<Position
				x="978.914"
				y="613.715"
				z="0"/>
		</Waypoint>
		<Waypoint
			id="Waypoint 65">
			<Position
				x="351.57"
				y="646.059"
				z="0"/>
		</Waypoint>
		<Waypoint
			id="Waypoint 64">
			<Position
				x="209.163"
				y="408.038"
				z="0"/>
		</Waypoint>
		<Waypoint
			id="Waypoint 63">
			<Position
				x="313.53"
				y="174.895"
				z="0"/>
		</Waypoint>
		<Waypoint
			id="Waypoint 62">
			<Position
				x="932.187"
				y="256.4"
				z="0"/>
		</Waypoint>
		<Waypoint
			id="Waypoint 61">
			<Position
				x="1699.82"
				y="184.213"
				z="0"/>
		</Waypoint>
		<Waypoint
			id="Waypoint 60">
			<Position
				x="1079.47"
				y="372.484"
				z="0"/>
		</Waypoint>
		<Waypoint
			id="Waypoint 59">
			<Position
				x="1072.84"
				y="495.37"
				z="0"/>
		</Waypoint>
		<Waypoint
			id="Waypoint 58">
			<Position
				x="155.179"
				y="1594.25"
				z="0"/>
		</Waypoint>
		<Waypoint
			id="Waypoint 57">
			<Position
				x="325.94"
				y="1771.89"
				z="0"/>
		</Waypoint>
		<Waypoint
			id="Waypoint 56">
			<Position
				x="956.017"
				y="1825.58"
				z="0"/>
		</Waypoint>
		<Waypoint
			id="Waypoint 55">
			<Position
				x="1585.54"
				y="1819.07"
				z="0"/>
		</Waypoint>
		<Waypoint
			id="Waypoint 54">
			<Position
				x="1859.21"
				y="1580.57"
				z="0"/>
		</Waypoint>
		<Waypoint
			id="Waypoint 53">
			<Position
				x="1649.78"
				y="1305.1"
				z="0"/>
		</Waypoint>
		<Waypoint
			id="Waypoint 52">
			<Position
				x="952.976"
				y="1335.26"
				z="0"/>
		</Waypoint>
		<Waypoint
			id="Waypoint 51">
			<Position
				x="285.06"
				y="1403.91"
				z="0"/>
		</Waypoint>
		<Waypoint
			id="Waypoint 50">
			<Position
				x="844.737"
				y="1555.29"
				z="0"/>
		</Waypoint>
		<Waypoint
			id="Waypoint 49">
			<Position
				x="971.62"
				y="1748.19"
				z="0"/>
		</Waypoint>
		<Waypoint
			id="Waypoint 48">
			<Position
				x="1706.42"
				y="1786.03"
				z="0"/>
		</Waypoint>
		<Waypoint
			id="Waypoint 47">
			<Position
				x="1838.42"
				y="1565.13"
				z="0"/>
		</Waypoint>
		<Waypoint
			id="Waypoint 46">
			<Position
				x="1669.46"
				y="1338.07"
				z="0"/>
		</Waypoint>
		<Waypoint
			id="Waypoint 45">
			<Position
				x="938.496"
				y="1368.94"
				z="0"/>
		</Waypoint>
		<Waypoint
			id="Waypoint 44">
			<Position
				x="393.779"
				y="1341.66"
				z="0"/>
		</Waypoint>
		<Waypoint
			id="Waypoint 43">
			<Position
				x="270.579"
				y="1610.96"
				z="0"/>
		</Waypoint>
		<Waypoint
			id="Waypoint 42">
			<Position
				x="434.258"
				y="1855.63"
				z="0"/>
		</Waypoint>
		<Waypoint
			id="Waypoint 41">
			<Position
				x="854.016"
				y="1683.13"
				z="0"/>
		</Waypoint>
		<Waypoint
			id="Waypoint 40">
			<Position
				x="1765.61"
				y="1556.67"
				z="0"/>
		</Waypoint>
		<Waypoint
			id="Waypoint 39">
			<Position
				x="1646.82"
				y="1769.65"
				z="0"/>
		</Waypoint>
		<Waypoint
			id="Waypoint 38">
			<Position
				x="971.176"
				y="1797.62"
				z="0"/>
		</Waypoint>
		<Waypoint
			id="Waypoint 37">
			<Position
				x="464.298"
				y="1831.06"
				z="0"/>
		</Waypoint>
		<Waypoint
			id="Waypoint 36">
			<Position
				x="197.66"
				y="1620.72"
				z="0"/>
		</Waypoint>
		<Waypoint
			id="Waypoint 35">
			<Position
				x="338.94"
				y="1395.64"
				z="0"/>
		</Waypoint>
		<Waypoint
			id="Waypoint 34">
			<Position
				x="932.937"
				y="1420.28"
				z="0"/>
		</Waypoint>
		<Waypoint
			id="Waypoint 33">
			<Position
				x="1538.77"
				y="1371.07"
				z="0"/>
		</Waypoint>
		<Waypoint
			id="Waypoint 32">
			<Position
				x="1083.82"
				y="1537.41"
				z="0"/>
		</Waypoint>
		<Waypoint
			id="Waypoint 31">
			<Position
				x="1095.74"
				y="1708.56"
				z="0"/>
		</Waypoint>
		<Waypoint
			id="Player_8_Start">
			<Position
				x="1788.17"
				y="174.199"
				z="0"/>
		</Waypoint>
		<Waypoint
			id="Player_7_Start">
			<Position
				x="1829.73"
				y="621.495"
				z="0"/>
		</Waypoint>
		<Waypoint
			id="Player_6_Start">
			<Position
				x="197.415"
				y="178.835"
				z="0"/>
		</Waypoint>
		<Waypoint
			id="Player_5_Start">
			<Position
				x="158.747"
				y="616.161"
				z="0"/>
		</Waypoint>
		<Waypoint
			id="Player_4_Start">
			<Position
				x="1789.56"
				y="1332.88"
				z="0"/>
		</Waypoint>
		<Waypoint
			id="Player_3_Start">
			<Position
				x="1782"
				y="1822.09"
				z="0"/>
		</Waypoint>
		<Waypoint
			id="Player_2_Start">
			<Position
				x="261.374"
				y="1330.12"
				z="0"/>
		</Waypoint>
		<Waypoint
			id="Player_1_Start">
			<Position
				x="315.624"
				y="1838.89"
				z="0"/>
		</Waypoint>
		<Waypoint
			id="Waypoint 26">
			<Position
				x="677.145"
				y="631.749"
				z="0"/>
		</Waypoint>
		<Waypoint
			id="Waypoint 25">
			<Position
				x="251.63"
				y="628.632"
				z="0"/>
		</Waypoint>
		<Waypoint
			id="Waypoint 24">
			<Position
				x="160.177"
				y="415.73"
				z="0"/>
		</Waypoint>
		<Waypoint
			id="Waypoint 23">
			<Position
				x="282.398"
				y="222.46"
				z="0"/>
		</Waypoint>
		<Waypoint
			id="Waypoint 22">
			<Position
				x="669.292"
				y="214.611"
				z="0"/>
		</Waypoint>
		<Waypoint
			id="Waypoint 21">
			<Position
				x="1024.78"
				y="219.807"
				z="0"/>
		</Waypoint>
		<Waypoint
			id="Waypoint 20">
			<Position
				x="1579.83"
				y="199.024"
				z="0"/>
		</Waypoint>
		<Waypoint
			id="Waypoint 19">
			<Position
				x="1768.48"
				y="266.86"
				z="0"/>
		</Waypoint>
		<Waypoint
			id="Waypoint 18">
			<Position
				x="1771.78"
				y="481.941"
				z="0"/>
		</Waypoint>
		<Waypoint
			id="Waypoint 17">
			<Position
				x="1654.65"
				y="595.214"
				z="0"/>
		</Waypoint>
		<Waypoint
			id="Waypoint 16">
			<Position
				x="1152.08"
				y="625.113"
				z="0"/>
		</Waypoint>
		<Waypoint
			id="Waypoint 15">
			<Position
				x="351.676"
				y="1816.2"
				z="0"/>
		</Waypoint>
		<Waypoint
			id="Waypoint 14">
			<Position
				x="215.074"
				y="1743.2"
				z="0"/>
		</Waypoint>
		<Waypoint
			id="Waypoint 13">
			<Position
				x="213.394"
				y="1537.18"
				z="0"/>
		</Waypoint>
		<Waypoint
			id="Waypoint 12">
			<Position
				x="338.829"
				y="1416.02"
				z="0"/>
		</Waypoint>
		<Waypoint
			id="Waypoint 11">
			<Position
				x="933.778"
				y="1453.69"
				z="0"/>
		</Waypoint>
		<Waypoint
			id="Waypoint 10">
			<Position
				x="1654.57"
				y="1381.91"
				z="0"/>
		</Waypoint>
		<Waypoint
			id="Waypoint 9">
			<Position
				x="1771.28"
				y="1604.69"
				z="0"/>
		</Waypoint>
		<Waypoint
			id="Waypoint 8">
			<Position
				x="1654.15"
				y="1806.85"
				z="0"/>
		</Waypoint>
		<Waypoint
			id="Waypoint 7">
			<Position
				x="938.604"
				y="1780.21"
				z="0"/>
		</Waypoint>
		<Waypoint
			id="TOP">
			<Position
				x="973.439"
				y="1609.28"
				z="0"/>
		</Waypoint>
		<Waypoint
			id="BOT">
			<Position
				x="956.132"
				y="432.175"
				z="0"/>
		</Waypoint>
		<Structure
			Angle="-0.785398"
			EventList=""
			Faction="Player_8/teamPlayer_8"
			Health="100"
			Team="Player_8"
			ThingTemplate="NODOperationsCenter"
			id="NODOperationsCenter">
			<Position
				x="1533.63"
				y="-466.24"
				z="0"/>
		</Structure>
		<Structure
			Angle="-2.35619"
			EventList=""
			Faction="Player_8/teamPlayer_8"
			Health="100"
			Team="Player_8"
			ThingTemplate="Traveler59Reactor"
			id="Traveler59Reactor">
			<Position
				x="1537.16"
				y="-487.686"
				z="0"/>
		</Structure>
		<Structure
			Angle="-0.785398"
			EventList=""
			Faction="Player_7/teamPlayer_7"
			Health="100"
			Team="Player_7"
			ThingTemplate="NODOperationsCenter"
			id="NODOperationsCenter">
			<Position
				x="1335.63"
				y="-460.214"
				z="0"/>
		</Structure>
		<Structure
			Angle="-2.35619"
			EventList=""
			Faction="Player_7/teamPlayer_7"
			Health="100"
			Team="Player_7"
			ThingTemplate="Traveler59Reactor"
			id="Traveler59Reactor">
			<Position
				x="1339.16"
				y="-481.661"
				z="0"/>
		</Structure>
		<Structure
			Angle="-0.785398"
			EventList=""
			Faction="Player_6/teamPlayer_6"
			Health="100"
			Team="Player_6"
			ThingTemplate="NODOperationsCenter"
			id="NODOperationsCenter">
			<Position
				x="1154.12"
				y="-462.226"
				z="0"/>
		</Structure>
		<Structure
			Angle="-2.35619"
			EventList=""
			Faction="Player_6/teamPlayer_6"
			Health="100"
			Team="Player_6"
			ThingTemplate="Traveler59Reactor"
			id="Traveler59Reactor">
			<Position
				x="1157.66"
				y="-483.673"
				z="0"/>
		</Structure>
		<Structure
			Angle="-0.785398"
			EventList=""
			Faction="Player_5/teamPlayer_5"
			Health="100"
			Team="Player_5"
			ThingTemplate="NODOperationsCenter"
			id="NODOperationsCenter">
			<Position
				x="969.088"
				y="-453.116"
				z="0"/>
		</Structure>
		<Structure
			Angle="-2.35619"
			EventList=""
			Faction="Player_5/teamPlayer_5"
			Health="100"
			Team="Player_5"
			ThingTemplate="Traveler59Reactor"
			id="Traveler59Reactor">
			<Position
				x="972.623"
				y="-474.563"
				z="0"/>
		</Structure>
		<Structure
			Angle="-0.785398"
			EventList=""
			Faction="Player_4/teamPlayer_4"
			Health="100"
			Team="Player_4"
			ThingTemplate="NODOperationsCenter"
			id="NODOperationsCenter">
			<Position
				x="796.517"
				y="-458.523"
				z="0"/>
		</Structure>
		<Structure
			Angle="-2.35619"
			EventList=""
			Faction="Player_4/teamPlayer_4"
			Health="100"
			Team="Player_4"
			ThingTemplate="Traveler59Reactor"
			id="Traveler59Reactor">
			<Position
				x="800.052"
				y="-479.969"
				z="0"/>
		</Structure>
		<Structure
			Angle="-0.785398"
			EventList=""
			Faction="Player_3/teamPlayer_3"
			Health="100"
			Team="Player_3"
			ThingTemplate="NODOperationsCenter"
			id="NODOperationsCenter">
			<Position
				x="592.374"
				y="-453.253"
				z="0"/>
		</Structure>
		<Structure
			Angle="-2.35619"
			EventList=""
			Faction="Player_3/teamPlayer_3"
			Health="100"
			Team="Player_3"
			ThingTemplate="Traveler59Reactor"
			id="Traveler59Reactor">
			<Position
				x="595.909"
				y="-474.699"
				z="0"/>
		</Structure>
		<Structure
			Angle="-0.785398"
			EventList=""
			Faction="Player_2/teamPlayer_2"
			Health="100"
			Team="Player_2"
			ThingTemplate="NODOperationsCenter"
			id="NODOperationsCenter">
			<Position
				x="417.838"
				y="-451.411"
				z="0"/>
		</Structure>
		<Structure
			Angle="-2.35619"
			EventList=""
			Faction="Player_2/teamPlayer_2"
			Health="100"
			Team="Player_2"
			ThingTemplate="Traveler59Reactor"
			id="Traveler59Reactor">
			<Position
				x="421.374"
				y="-472.857"
				z="0"/>
		</Structure>
		<Structure
			Angle="-0.785398"
			EventList=""
			Faction="Player_1/teamPlayer_1"
			Health="100"
			Team="Player_1"
			ThingTemplate="NODOperationsCenter"
			id="NODOperationsCenter">
			<Position
				x="221.016"
				y="-452.809"
				z="0"/>
		</Structure>
		<Structure
			Angle="-2.35619"
			EventList=""
			Faction="Player_1/teamPlayer_1"
			Health="100"
			Team="Player_1"
			ThingTemplate="Traveler59Reactor"
			id="Traveler59Reactor">
			<Position
				x="224.551"
				y="-474.255"
				z="0"/>
		</Structure>
		<Structure
			Angle="-0.785398"
			EventList=""
			Faction="Player_8/teamPlayer_8"
			Health="100"
			Team="Player_8"
			ThingTemplate="GDIConstructionYard"
			id="GDIConstructionYard">
			<Position
				x="1552.94"
				y="-589.655"
				z="0"/>
		</Structure>
		<Structure
			Angle="-0.785398"
			EventList=""
			Faction="Player_7/teamPlayer_7"
			Health="100"
			Team="Player_7"
			ThingTemplate="GDIConstructionYard"
			id="GDIConstructionYard">
			<Position
				x="1339.59"
				y="-583.527"
				z="0"/>
		</Structure>
		<Structure
			Angle="-0.785398"
			EventList=""
			Faction="Player_6/teamPlayer_6"
			Health="100"
			Team="Player_6"
			ThingTemplate="GDIConstructionYard"
			id="GDIConstructionYard">
			<Position
				x="1150.32"
				y="-595.946"
				z="0"/>
		</Structure>
		<Structure
			Angle="-0.785398"
			EventList=""
			Faction="Player_5/teamPlayer_5"
			Health="100"
			Team="Player_5"
			ThingTemplate="GDIConstructionYard"
			id="GDIConstructionYard">
			<Position
				x="978.092"
				y="-586.278"
				z="0"/>
		</Structure>
		<Structure
			Angle="-0.785398"
			EventList=""
			Faction="Player_4/teamPlayer_4"
			Health="100"
			Team="Player_4"
			ThingTemplate="GDIConstructionYard"
			id="GDIConstructionYard">
			<Position
				x="796.359"
				y="-590.744"
				z="0"/>
		</Structure>
		<Structure
			Angle="-0.785398"
			EventList=""
			Faction="Player_3/teamPlayer_3"
			Health="100"
			Team="Player_3"
			ThingTemplate="GDIConstructionYard"
			id="GDIConstructionYard">
			<Position
				x="605.171"
				y="-581.006"
				z="0"/>
		</Structure>
		<Structure
			Angle="-0.785398"
			EventList=""
			Faction="Player_2/teamPlayer_2"
			Health="100"
			Team="Player_2"
			ThingTemplate="GDIConstructionYard"
			id="GDIConstructionYard">
			<Position
				x="428.394"
				y="-581.395"
				z="0"/>
		</Structure>
		<Structure
			Angle="-0.785398"
			EventList=""
			Faction="Player_1/teamPlayer_1"
			Health="100"
			Team="Player_1"
			ThingTemplate="GDIConstructionYard"
			id="GDIConstructionYard">
			<Position
				x="228.178"
				y="-585.883"
				z="0"/>
		</Structure>
		<Unit
			Angle="0"
			EventList=""
			Faction="PlyrCivilian/PP 1 1 1 1 1 1 1"
			Health="5000"
			Team="PlyrCivilian"
			ThingTemplate="GDICommando"
			id="GDICommando">
			<Position
				x="1789.06"
				y="190.818"
				z="0"/>
		</Unit>
		<Unit
			Angle="0"
			EventList=""
			Faction="PlyrCivilian/PP 1 1 1 1 1 1"
			Health="5000"
			Team="PlyrCivilian"
			ThingTemplate="GDICommando"
			id="GDICommando">
			<Position
				x="1835.06"
				y="604.882"
				z="0"/>
		</Unit>
		<Unit
			Angle="0"
			EventList=""
			Faction="PlyrCivilian/PP 1 1 1 1 1"
			Health="5000"
			Team="PlyrCivilian"
			ThingTemplate="GDICommando"
			id="GDICommando">
			<Position
				x="193.327"
				y="198.23"
				z="0"/>
		</Unit>
		<Unit
			Angle="0"
			EventList=""
			Faction="PlyrCivilian/PP 1 1 1 1"
			Health="5000"
			Team="PlyrCivilian"
			ThingTemplate="GDICommando"
			id="GDICommando">
			<Position
				x="155.269"
				y="600.315"
				z="0"/>
		</Unit>
		<Unit
			Angle="0"
			EventList=""
			Faction="PlyrCivilian/PP 1 1 1"
			Health="5000"
			Team="PlyrCivilian"
			ThingTemplate="GDICommando"
			id="GDICommando">
			<Position
				x="1781.32"
				y="1318.72"
				z="0"/>
		</Unit>
		<Unit
			Angle="0"
			EventList=""
			Faction="PlyrCivilian/PP 1 1"
			Health="5000"
			Team="PlyrCivilian"
			ThingTemplate="GDICommando"
			id="GDICommando">
			<Position
				x="1788.88"
				y="1812.05"
				z="0"/>
		</Unit>
		<Unit
			Angle="0"
			EventList=""
			Faction="PlyrCivilian/PP 1"
			Health="5000"
			Team="PlyrCivilian"
			ThingTemplate="GDICommando"
			id="GDICommando">
			<Position
				x="246.554"
				y="1348.86"
				z="0"/>
		</Unit>
		<Unit
			Angle="0"
			EventList=""
			Faction="PlyrCivilian/PP"
			Health="5000"
			Team="PlyrCivilian"
			ThingTemplate="GDICommando"
			id="GDICommando">
			<Position
				x="292.654"
				y="1835.69"
				z="0"/>
		</Unit>
		<MapMetaData
			BorderSize="80"
			CRC="0"
			Description="Map:erlNite-mutant-maurader-arena/Desc"
			DisplayName="erlNite - Mutant Marauder Arena"
			FileName="Data"
			Height="360"
			IsMultiplayer="true"
			IsOfficial="false"
			NumPlayers="8"
			Width="360">
			<StartPosition
				Name="InitialCameraPosition">
				<Position
					x="0"
					y="0"
					z="0"/>
			</StartPosition>
			<StartPosition
				Name="Player_1_Start">
				<Position
					x="315.624"
					y="1838.89"
					z="0"/>
			</StartPosition>
			<StartPosition
				Name="Player_2_Start">
				<Position
					x="261.374"
					y="1330.12"
					z="0"/>
			</StartPosition>
			<StartPosition
				Name="Player_3_Start">
				<Position
					x="1782"
					y="1822.09"
					z="0"/>
			</StartPosition>
			<StartPosition
				Name="Player_4_Start">
				<Position
					x="1789.56"
					y="1332.88"
					z="0"/>
			</StartPosition>
			<StartPosition
				Name="Player_5_Start">
				<Position
					x="158.747"
					y="616.161"
					z="0"/>
			</StartPosition>
			<StartPosition
				Name="Player_6_Start">
				<Position
					x="197.415"
					y="178.835"
					z="0"/>
			</StartPosition>
			<StartPosition
				Name="Player_7_Start">
				<Position
					x="1829.73"
					y="621.495"
					z="0"/>
			</StartPosition>
			<StartPosition
				Name="Player_8_Start">
				<Position
					x="1788.17"
					y="174.199"
					z="0"/>
			</StartPosition>
		</MapMetaData>
		<EnvironmentData
			Cloud="TSCloudMed"
			Environment="EVDefault"
			Macro="TSNoiseUrb"/>
		<WorldDict>
			<BoolProperty
				Key="isLivingWorldScriptHolder"
				Value="false"/>
			<AssetIdProperty
				Key="musicZone"
				Value="MusicPalette_BlueZone"/>
			<StringProperty
				Key="mapName"
				Value="erlNite - Mutant Marauder Arena"/>
			<StringProperty
				Key="mapDescription"
				Value=""/>
			<IntProperty
				Key="compression"
				Value="1"/>
			<RealProperty
				Key="cameraGroundMinHeight"
				Value="0"/>
			<RealProperty
				Key="cameraGroundMaxHeight"
				Value="2560"/>
			<BoolProperty
				Key="isScenarioMultiplayer"
				Value="false"/>
			<IntProperty
				Key="weather"
				Value="0"/>
		</WorldDict>
		<PostEffect
			Effect="DCWashington3_vol"/>
	</GameMap>
	<TerrainTextureAtlas
		AllowLossyCompression="true"
		AtlasSize="2048"
		id="erlNitemutantmauraderarena">
		<Tile
			BaseTexture="ART:Terrain/TGras_Africa01.tga"
			NormalTexture="ART:Terrain/TGras_Africa01_nrm.tga"
			TextureID="267008530"/>
		<Tile
			BaseTexture="ART:Terrain/TRock_Gravel03.tga"
			NormalTexture="ART:Terrain/TRock_Gravel03_nrm.tga"
			TextureID="707432009"/>
		<Tile
			BaseTexture="ART:Terrain/TRock_RockJetty01.tga"
			NormalTexture="ART:Terrain/TRock_RockJetty01_nrm.tga"
			TextureID="1211293712"/>
		<Tile
			BaseTexture="ART:Terrain/TRock_YellowZone09.tga"
			NormalTexture="ART:Terrain/TRock_YellowZone09_nrm.tga"
			TextureID="4133777329"/>
	</TerrainTextureAtlas>
	<GameScriptList
		id="_neutral_">
		<ScriptSet>
			<Script
				id="Total_ kills top">
				<Action
					Type="SET_COUNTER">
					<ParameterList/>
				</Action>
				<Action
					Type="COUNTER_MATH_COUNTER">
					<ParameterList/>
				</Action>
				<Action
					Type="COUNTER_MATH_COUNTER">
					<ParameterList/>
				</Action>
				<Action
					Type="COUNTER_MATH_COUNTER">
					<ParameterList/>
				</Action>
				<Action
					Type="COUNTER_MATH_COUNTER">
					<ParameterList/>
				</Action>
			</Script>
			<Script
				id="Total__kills bot">
				<Action
					Type="SET_COUNTER">
					<ParameterList/>
				</Action>
				<Action
					Type="COUNTER_MATH_COUNTER">
					<ParameterList/>
				</Action>
				<Action
					Type="COUNTER_MATH_COUNTER">
					<ParameterList/>
				</Action>
				<Action
					Type="COUNTER_MATH_COUNTER">
					<ParameterList/>
				</Action>
				<Action
					Type="COUNTER_MATH_COUNTER">
					<ParameterList/>
				</Action>
			</Script>
			<Script
				id="Show counters">
				<Action
					Type="DISPLAY_COUNTER">
					<ParameterList/>
				</Action>
				<Action
					Type="DISPLAY_COUNTER">
					<ParameterList/>
				</Action>
				<Action
					Type="DISPLAY_COUNTER">
					<ParameterList/>
				</Action>
			</Script>
			<Script
				id="Start">
				<Action
					Type="PLAYER_DISABLE_BASE_CONSTRUCTION">
					<ParameterList/>
				</Action>
				<Action
					Type="PLAYER_DISABLE_UNIT_CONSTRUCTION">
					<ParameterList/>
				</Action>
				<Action
					Type="DISABLE_BORDER_SHROUD">
					<ParameterList/>
				</Action>
				<Action
					Type="MAP_REVEAL_ALL_PERM">
					<ParameterList/>
				</Action>
				<Action
					Type="PLAYER_SET_BASE_POWER">
					<ParameterList/>
				</Action>
				<Action
					Type="PLAYER_SPECIAL_POWER_AVAILABILITY">
					<ParameterList/>
				</Action>
				<Action
					Type="PLAYER_SPECIAL_POWER_AVAILABILITY">
					<ParameterList/>
				</Action>
				<Action
					Type="PLAYER_SPECIAL_POWER_AVAILABILITY">
					<ParameterList/>
				</Action>
				<Action
					Type="PLAYER_SPECIAL_POWER_AVAILABILITY">
					<ParameterList/>
				</Action>
				<Action
					Type="PLAYER_SPECIAL_POWER_AVAILABILITY">
					<ParameterList/>
				</Action>
				<Action
					Type="PLAYER_SPECIAL_POWER_AVAILABILITY">
					<ParameterList/>
				</Action>
				<Action
					Type="PLAYER_SPECIAL_POWER_AVAILABILITY">
					<ParameterList/>
				</Action>
				<Action
					Type="PLAYER_SPECIAL_POWER_AVAILABILITY">
					<ParameterList/>
				</Action>
				<Action
					Type="PLAYER_SPECIAL_POWER_AVAILABILITY">
					<ParameterList/>
				</Action>
				<Action
					Type="PLAYER_SPECIAL_POWER_AVAILABILITY">
					<ParameterList/>
				</Action>
			</Script>
			<Script
				id="Start__1">
				<Action
					Type="SHOW_MILITARY_CAPTION">
					<ParameterList/>
				</Action>
			</Script>
			<Script
				id="Start__12">
				<Action
					Type="NAMED_TRANSFER_OWNERSHIP_PLAYER">
					<ParameterList/>
				</Action>
				<Action
					Type="NAMED_TRANSFER_OWNERSHIP_PLAYER">
					<ParameterList/>
				</Action>
				<Action
					Type="NAMED_TRANSFER_OWNERSHIP_PLAYER">
					<ParameterList/>
				</Action>
				<Action
					Type="NAMED_TRANSFER_OWNERSHIP_PLAYER">
					<ParameterList/>
				</Action>
				<Action
					Type="NAMED_TRANSFER_OWNERSHIP_PLAYER">
					<ParameterList/>
				</Action>
				<Action
					Type="NAMED_TRANSFER_OWNERSHIP_PLAYER">
					<ParameterList/>
				</Action>
				<Action
					Type="NAMED_TRANSFER_OWNERSHIP_PLAYER">
					<ParameterList/>
				</Action>
				<Action
					Type="NAMED_TRANSFER_OWNERSHIP_PLAYER">
					<ParameterList/>
				</Action>
				<Action
					Type="UNIT_AI_TRANSFER_ALL">
					<ParameterList/>
				</Action>
			</Script>
			<Script
				id="Add secs">
				<Action
					Type="INCREMENT_COUNTER">
					<ParameterList/>
				</Action>
				<Action
					Type="PLAYER_GIVE_MONEY">
					<ParameterList/>
				</Action>
			</Script>
		</ScriptSet>
	</GameScriptList>
	<GameScriptList
		id="PlyrCivilian">
		<ScriptSet>
			<Script
				id="Add hp creates">
				<Action
					Type="SET_RANDOM_COUNTER">
					<ParameterList/>
				</Action>
			</Script>
			<Script
				id="hpcreates">
				<Action
					Type="SET_COUNTER">
					<ParameterList/>
				</Action>
				<Action
					Type="CREATE_UNNAMED_ON_TEAM_AT_WAYPOINT">
					<ParameterList>
						<ObjectType
							Object="HealCrate"/>
					</ParameterList>
				</Action>
			</Script>
			<Script
				id="hpcreates__1">
				<Action
					Type="SET_COUNTER">
					<ParameterList/>
				</Action>
				<Action
					Type="CREATE_UNNAMED_ON_TEAM_AT_WAYPOINT">
					<ParameterList>
						<ObjectType
							Object="HealCrate"/>
					</ParameterList>
				</Action>
			</Script>
			<Script
				id="hpcreates__2">
				<Action
					Type="SET_COUNTER">
					<ParameterList/>
				</Action>
				<Action
					Type="CREATE_UNNAMED_ON_TEAM_AT_WAYPOINT">
					<ParameterList>
						<ObjectType
							Object="HealCrate"/>
					</ParameterList>
				</Action>
			</Script>
			<Script
				id="hpcreates__3">
				<Action
					Type="SET_COUNTER">
					<ParameterList/>
				</Action>
				<Action
					Type="CREATE_UNNAMED_ON_TEAM_AT_WAYPOINT">
					<ParameterList>
						<ObjectType
							Object="HealCrate"/>
					</ParameterList>
				</Action>
			</Script>
			<Script
				id="hpcreates__4">
				<Action
					Type="SET_COUNTER">
					<ParameterList/>
				</Action>
				<Action
					Type="CREATE_UNNAMED_ON_TEAM_AT_WAYPOINT">
					<ParameterList>
						<ObjectType
							Object="HealCrate"/>
					</ParameterList>
				</Action>
			</Script>
			<Script
				id="hpcreates__5">
				<Action
					Type="SET_COUNTER">
					<ParameterList/>
				</Action>
				<Action
					Type="CREATE_UNNAMED_ON_TEAM_AT_WAYPOINT">
					<ParameterList>
						<ObjectType
							Object="HealCrate"/>
					</ParameterList>
				</Action>
			</Script>
			<Script
				id="hpcreates__6">
				<Action
					Type="SET_COUNTER">
					<ParameterList/>
				</Action>
				<Action
					Type="CREATE_UNNAMED_ON_TEAM_AT_WAYPOINT">
					<ParameterList>
						<ObjectType
							Object="HealCrate"/>
					</ParameterList>
				</Action>
			</Script>
			<Script
				id="hpcreates__7">
				<Action
					Type="SET_COUNTER">
					<ParameterList/>
				</Action>
				<Action
					Type="CREATE_UNNAMED_ON_TEAM_AT_WAYPOINT">
					<ParameterList>
						<ObjectType
							Object="HealCrate"/>
					</ParameterList>
				</Action>
			</Script>
			<Script
				id="hpcreates__8">
				<Action
					Type="SET_COUNTER">
					<ParameterList/>
				</Action>
				<Action
					Type="CREATE_UNNAMED_ON_TEAM_AT_WAYPOINT">
					<ParameterList>
						<ObjectType
							Object="HealCrate"/>
					</ParameterList>
				</Action>
			</Script>
			<Script
				id="hpcreates__9">
				<Action
					Type="SET_COUNTER">
					<ParameterList/>
				</Action>
				<Action
					Type="CREATE_UNNAMED_ON_TEAM_AT_WAYPOINT">
					<ParameterList>
						<ObjectType
							Object="HealCrate"/>
					</ParameterList>
				</Action>
			</Script>
			<Script
				id="hpcreates__10">
				<Action
					Type="SET_COUNTER">
					<ParameterList/>
				</Action>
				<Action
					Type="CREATE_UNNAMED_ON_TEAM_AT_WAYPOINT">
					<ParameterList>
						<ObjectType
							Object="HealCrate"/>
					</ParameterList>
				</Action>
			</Script>
			<Script
				id="hpcreates__11">
				<Action
					Type="SET_COUNTER">
					<ParameterList/>
				</Action>
				<Action
					Type="CREATE_UNNAMED_ON_TEAM_AT_WAYPOINT">
					<ParameterList>
						<ObjectType
							Object="HealCrate"/>
					</ParameterList>
				</Action>
			</Script>
			<Script
				id="hpcreates__12">
				<Action
					Type="SET_COUNTER">
					<ParameterList/>
				</Action>
				<Action
					Type="CREATE_UNNAMED_ON_TEAM_AT_WAYPOINT">
					<ParameterList>
						<ObjectType
							Object="HealCrate"/>
					</ParameterList>
				</Action>
			</Script>
			<Script
				id="hpcreates__13">
				<Action
					Type="SET_COUNTER">
					<ParameterList/>
				</Action>
				<Action
					Type="CREATE_UNNAMED_ON_TEAM_AT_WAYPOINT">
					<ParameterList>
						<ObjectType
							Object="HealCrate"/>
					</ParameterList>
				</Action>
			</Script>
			<Script
				id="hpcreates__14">
				<Action
					Type="SET_COUNTER">
					<ParameterList/>
				</Action>
				<Action
					Type="CREATE_UNNAMED_ON_TEAM_AT_WAYPOINT">
					<ParameterList>
						<ObjectType
							Object="HealCrate"/>
					</ParameterList>
				</Action>
			</Script>
			<Script
				id="hpcreates__15">
				<Action
					Type="SET_COUNTER">
					<ParameterList/>
				</Action>
				<Action
					Type="CREATE_UNNAMED_ON_TEAM_AT_WAYPOINT">
					<ParameterList>
						<ObjectType
							Object="HealCrate"/>
					</ParameterList>
				</Action>
			</Script>
			<Script
				id="hpcreates__16">
				<Action
					Type="SET_COUNTER">
					<ParameterList/>
				</Action>
				<Action
					Type="CREATE_UNNAMED_ON_TEAM_AT_WAYPOINT">
					<ParameterList>
						<ObjectType
							Object="HealCrate"/>
					</ParameterList>
				</Action>
			</Script>
			<Script
				id="hpcreates__17">
				<Action
					Type="SET_COUNTER">
					<ParameterList/>
				</Action>
				<Action
					Type="CREATE_UNNAMED_ON_TEAM_AT_WAYPOINT">
					<ParameterList>
						<ObjectType
							Object="HealCrate"/>
					</ParameterList>
				</Action>
			</Script>
			<Script
				id="hpcreates__18">
				<Action
					Type="SET_COUNTER">
					<ParameterList/>
				</Action>
				<Action
					Type="CREATE_UNNAMED_ON_TEAM_AT_WAYPOINT">
					<ParameterList>
						<ObjectType
							Object="HealCrate"/>
					</ParameterList>
				</Action>
			</Script>
			<Script
				id="hpcreates__19">
				<Action
					Type="SET_COUNTER">
					<ParameterList/>
				</Action>
				<Action
					Type="CREATE_UNNAMED_ON_TEAM_AT_WAYPOINT">
					<ParameterList>
						<ObjectType
							Object="HealCrate"/>
					</ParameterList>
				</Action>
			</Script>
			<Script
				id="hpcreates__20">
				<Action
					Type="SET_COUNTER">
					<ParameterList/>
				</Action>
				<Action
					Type="CREATE_UNNAMED_ON_TEAM_AT_WAYPOINT">
					<ParameterList>
						<ObjectType
							Object="HealCrate"/>
					</ParameterList>
				</Action>
			</Script>
			<Script
				id="hpcreates__21">
				<Action
					Type="SET_COUNTER">
					<ParameterList/>
				</Action>
				<Action
					Type="CREATE_UNNAMED_ON_TEAM_AT_WAYPOINT">
					<ParameterList>
						<ObjectType
							Object="HealCrate"/>
					</ParameterList>
				</Action>
			</Script>
			<Script
				id="hpcreates__22">
				<Action
					Type="SET_COUNTER">
					<ParameterList/>
				</Action>
				<Action
					Type="CREATE_UNNAMED_ON_TEAM_AT_WAYPOINT">
					<ParameterList>
						<ObjectType
							Object="HealCrate"/>
					</ParameterList>
				</Action>
			</Script>
			<Script
				id="hpcreates__23">
				<Action
					Type="SET_COUNTER">
					<ParameterList/>
				</Action>
				<Action
					Type="CREATE_UNNAMED_ON_TEAM_AT_WAYPOINT">
					<ParameterList>
						<ObjectType
							Object="HealCrate"/>
					</ParameterList>
				</Action>
			</Script>
			<Script
				id="hpcreates__24">
				<Action
					Type="SET_COUNTER">
					<ParameterList/>
				</Action>
				<Action
					Type="CREATE_UNNAMED_ON_TEAM_AT_WAYPOINT">
					<ParameterList>
						<ObjectType
							Object="HealCrate"/>
					</ParameterList>
				</Action>
			</Script>
			<Script
				id="hpcreates__25">
				<Action
					Type="SET_COUNTER">
					<ParameterList/>
				</Action>
				<Action
					Type="CREATE_UNNAMED_ON_TEAM_AT_WAYPOINT">
					<ParameterList>
						<ObjectType
							Object="HealCrate"/>
					</ParameterList>
				</Action>
			</Script>
			<Script
				id="hpcreates__26">
				<Action
					Type="SET_COUNTER">
					<ParameterList/>
				</Action>
				<Action
					Type="CREATE_UNNAMED_ON_TEAM_AT_WAYPOINT">
					<ParameterList>
						<ObjectType
							Object="HealCrate"/>
					</ParameterList>
				</Action>
			</Script>
			<Script
				id="hpcreates__27">
				<Action
					Type="SET_COUNTER">
					<ParameterList/>
				</Action>
				<Action
					Type="CREATE_UNNAMED_ON_TEAM_AT_WAYPOINT">
					<ParameterList>
						<ObjectType
							Object="HealCrate"/>
					</ParameterList>
				</Action>
			</Script>
			<Script
				id="hpcreates__28">
				<Action
					Type="SET_COUNTER">
					<ParameterList/>
				</Action>
				<Action
					Type="CREATE_UNNAMED_ON_TEAM_AT_WAYPOINT">
					<ParameterList>
						<ObjectType
							Object="HealCrate"/>
					</ParameterList>
				</Action>
			</Script>
			<Script
				id="hpcreates__29">
				<Action
					Type="SET_COUNTER">
					<ParameterList/>
				</Action>
				<Action
					Type="CREATE_UNNAMED_ON_TEAM_AT_WAYPOINT">
					<ParameterList>
						<ObjectType
							Object="HealCrate"/>
					</ParameterList>
				</Action>
			</Script>
		</ScriptSet>
	</GameScriptList>
	<GameScriptList
		id="PlyrCreeps">
		<ScriptSet>
			<Script
				id="Maurader counter">
				<Action
					Type="SET_PLAYER_OWNERSHIP_OF_TYPE_COUNTER_INCLUDE_DEAD">
					<ParameterList>
						<ObjectTypeList/>
					</ParameterList>
				</Action>
			</Script>
			<Script
				id="Killer">
				<Action
					Type="DISABLE_SCRIPT">
					<ParameterList/>
				</Action>
				<Action
					Type="UNIT_KILL_ALL_IN_AREA">
					<ParameterList/>
				</Action>
				<Action
					Type="UNIT_KILL_ALL_IN_AREA">
					<ParameterList/>
				</Action>
				<Action
					Type="PLAYER_SET_MONEY">
					<ParameterList/>
				</Action>
			</Script>
			<Script
				id="Start__1">
				<Action
					Type="CREATE_REINFORCEMENT_TEAM">
					<ParameterList/>
				</Action>
				<Action
					Type="CREATE_REINFORCEMENT_TEAM">
					<ParameterList/>
				</Action>
				<Action
					Type="TEAM_ATTACK_MOVE_FOLLOW_WAYPOINTS">
					<ParameterList/>
				</Action>
				<Action
					Type="TEAM_ATTACK_MOVE_FOLLOW_WAYPOINTS">
					<ParameterList/>
				</Action>
			</Script>
			<Script
				id="Start__2 EXP">
				<Action
					Type="TEAM_UPGRADE">
					<ParameterList/>
				</Action>
				<Action
					Type="TEAM_UPGRADE">
					<ParameterList/>
				</Action>
				<Action
					Type="TEAM_UPGRADE">
					<ParameterList/>
				</Action>
				<Action
					Type="TEAM_UPGRADE">
					<ParameterList/>
				</Action>
				<Action
					Type="TEAM_UPGRADE">
					<ParameterList/>
				</Action>
				<Action
					Type="TEAM_UPGRADE">
					<ParameterList/>
				</Action>
				<Action
					Type="TEAM_UPGRADE">
					<ParameterList/>
				</Action>
				<Action
					Type="TEAM_UPGRADE">
					<ParameterList/>
				</Action>
			</Script>
		</ScriptSet>
	</GameScriptList>
	<GameScriptList
		id="Skirmish">
		<ScriptSet/>
	</GameScriptList>
	<GameScriptList
		id="SkirmishNull">
		<ScriptSet/>
	</GameScriptList>
	<GameScriptList
		id="SkirmishObserver">
		<ScriptSet/>
	</GameScriptList>
	<GameScriptList
		id="SkirmishCommentator">
		<ScriptSet/>
	</GameScriptList>
	<GameScriptList
		id="SkirmishCivilian">
		<ScriptSet/>
	</GameScriptList>
	<GameScriptList
		id="SkirmishNeutral">
		<ScriptSet/>
	</GameScriptList>
	<GameScriptList
		id="SkirmishGDI">
		<ScriptSet/>
	</GameScriptList>
	<GameScriptList
		id="SkirmishSteelTalons">
		<ScriptSet/>
	</GameScriptList>
	<GameScriptList
		id="SkirmishZOCOM">
		<ScriptSet/>
	</GameScriptList>
	<GameScriptList
		id="SkirmishNod">
		<ScriptSet/>
	</GameScriptList>
	<GameScriptList
		id="SkirmishBlackHand">
		<ScriptSet/>
	</GameScriptList>
	<GameScriptList
		id="SkirmishMarkedOfKane">
		<ScriptSet/>
	</GameScriptList>
	<GameScriptList
		id="SkirmishAlien">
		<ScriptSet/>
	</GameScriptList>
	<GameScriptList
		id="SkirmishReaper17">
		<ScriptSet/>
	</GameScriptList>
	<GameScriptList
		id="SkirmishTraveler59">
		<ScriptSet/>
	</GameScriptList>
	<GameScriptList
		id="Player_1">
		<ScriptSet>
			<Script
				id="Killer">
				<Action
					Type="UNIT_KILL_ALL_IN_AREA">
					<ParameterList/>
				</Action>
			</Script>
			<Script
				id="Lose">
				<Action
					Type="PLAYER_KILL">
					<ParameterList/>
				</Action>
			</Script>
			<ScriptGroup
				id="money">
				<Script
					id="Count__2">
					<Action
						Type="SET_PLAYER_KILLS_OF_KINDOF_TO_COUNTER">
						<ParameterList/>
					</Action>
					<Action
						Type="SET_PLAYER_KILLS_OF_KINDOF_TO_COUNTER">
						<ParameterList/>
					</Action>
				</Script>
				<Script
					id="Total__2">
					<Action
						Type="SET_COUNTER">
						<ParameterList/>
					</Action>
					<Action
						Type="COUNTER_MATH_COUNTER">
						<ParameterList/>
					</Action>
					<Action
						Type="COUNTER_MATH_COUNTER">
						<ParameterList/>
					</Action>
				</Script>
				<Script
					id="Getmoney__2">
					<Action
						Type="INCREMENT_COUNTER">
						<ParameterList/>
					</Action>
					<Action
						Type="CREATE_REINFORCEMENT_TEAM">
						<ParameterList/>
					</Action>
					<Action
						Type="TEAM_ATTACK_MOVE_FOLLOW_WAYPOINTS">
						<ParameterList/>
					</Action>
					<Action
						Type="PLAYER_GIVE_MONEY">
						<ParameterList/>
					</Action>
				</Script>
			</ScriptGroup>
		</ScriptSet>
	</GameScriptList>
	<GameScriptList
		id="Player_2">
		<ScriptSet>
			<Script
				id="Killer__1">
				<Action
					Type="UNIT_KILL_ALL_IN_AREA">
					<ParameterList/>
				</Action>
			</Script>
			<Script
				id="Lose__1">
				<Action
					Type="PLAYER_KILL">
					<ParameterList/>
				</Action>
			</Script>
			<ScriptGroup
				id="money__1">
				<Script
					id="Count__3">
					<Action
						Type="SET_PLAYER_KILLS_OF_KINDOF_TO_COUNTER">
						<ParameterList/>
					</Action>
					<Action
						Type="SET_PLAYER_KILLS_OF_KINDOF_TO_COUNTER">
						<ParameterList/>
					</Action>
				</Script>
				<Script
					id="Total__3">
					<Action
						Type="SET_COUNTER">
						<ParameterList/>
					</Action>
					<Action
						Type="COUNTER_MATH_COUNTER">
						<ParameterList/>
					</Action>
					<Action
						Type="COUNTER_MATH_COUNTER">
						<ParameterList/>
					</Action>
				</Script>
				<Script
					id="Getmoney__3">
					<Action
						Type="INCREMENT_COUNTER">
						<ParameterList/>
					</Action>
					<Action
						Type="CREATE_REINFORCEMENT_TEAM">
						<ParameterList/>
					</Action>
					<Action
						Type="TEAM_ATTACK_MOVE_FOLLOW_WAYPOINTS">
						<ParameterList/>
					</Action>
					<Action
						Type="PLAYER_GIVE_MONEY">
						<ParameterList/>
					</Action>
				</Script>
			</ScriptGroup>
		</ScriptSet>
	</GameScriptList>
	<GameScriptList
		id="Player_3">
		<ScriptSet>
			<Script
				id="Killer__2">
				<Action
					Type="UNIT_KILL_ALL_IN_AREA">
					<ParameterList/>
				</Action>
			</Script>
			<Script
				id="Lose__2">
				<Action
					Type="PLAYER_KILL">
					<ParameterList/>
				</Action>
			</Script>
			<ScriptGroup
				id="money__2">
				<Script
					id="Count__4">
					<Action
						Type="SET_PLAYER_KILLS_OF_KINDOF_TO_COUNTER">
						<ParameterList/>
					</Action>
					<Action
						Type="SET_PLAYER_KILLS_OF_KINDOF_TO_COUNTER">
						<ParameterList/>
					</Action>
				</Script>
				<Script
					id="Total__4">
					<Action
						Type="SET_COUNTER">
						<ParameterList/>
					</Action>
					<Action
						Type="COUNTER_MATH_COUNTER">
						<ParameterList/>
					</Action>
					<Action
						Type="COUNTER_MATH_COUNTER">
						<ParameterList/>
					</Action>
				</Script>
				<Script
					id="Getmoney__4">
					<Action
						Type="INCREMENT_COUNTER">
						<ParameterList/>
					</Action>
					<Action
						Type="CREATE_REINFORCEMENT_TEAM">
						<ParameterList/>
					</Action>
					<Action
						Type="TEAM_ATTACK_MOVE_FOLLOW_WAYPOINTS">
						<ParameterList/>
					</Action>
					<Action
						Type="PLAYER_GIVE_MONEY">
						<ParameterList/>
					</Action>
				</Script>
			</ScriptGroup>
		</ScriptSet>
	</GameScriptList>
	<GameScriptList
		id="Player_4">
		<ScriptSet>
			<Script
				id="Killer__3">
				<Action
					Type="UNIT_KILL_ALL_IN_AREA">
					<ParameterList/>
				</Action>
			</Script>
			<Script
				id="Lose__3">
				<Action
					Type="PLAYER_KILL">
					<ParameterList/>
				</Action>
			</Script>
			<ScriptGroup
				id="money__3">
				<Script
					id="Count__5">
					<Action
						Type="SET_PLAYER_KILLS_OF_KINDOF_TO_COUNTER">
						<ParameterList/>
					</Action>
					<Action
						Type="SET_PLAYER_KILLS_OF_KINDOF_TO_COUNTER">
						<ParameterList/>
					</Action>
				</Script>
				<Script
					id="Total__5">
					<Action
						Type="SET_COUNTER">
						<ParameterList/>
					</Action>
					<Action
						Type="COUNTER_MATH_COUNTER">
						<ParameterList/>
					</Action>
					<Action
						Type="COUNTER_MATH_COUNTER">
						<ParameterList/>
					</Action>
				</Script>
				<Script
					id="Getmoney__5">
					<Action
						Type="INCREMENT_COUNTER">
						<ParameterList/>
					</Action>
					<Action
						Type="CREATE_REINFORCEMENT_TEAM">
						<ParameterList/>
					</Action>
					<Action
						Type="TEAM_ATTACK_MOVE_FOLLOW_WAYPOINTS">
						<ParameterList/>
					</Action>
					<Action
						Type="PLAYER_GIVE_MONEY">
						<ParameterList/>
					</Action>
				</Script>
			</ScriptGroup>
		</ScriptSet>
	</GameScriptList>
	<GameScriptList
		id="Player_5">
		<ScriptSet>
			<Script
				id="Killer__4">
				<Action
					Type="UNIT_KILL_ALL_IN_AREA">
					<ParameterList/>
				</Action>
			</Script>
			<Script
				id="Lose__4">
				<Action
					Type="PLAYER_KILL">
					<ParameterList/>
				</Action>
			</Script>
			<ScriptGroup
				id="money__4">
				<Script
					id="Count__6">
					<Action
						Type="SET_PLAYER_KILLS_OF_KINDOF_TO_COUNTER">
						<ParameterList/>
					</Action>
					<Action
						Type="SET_PLAYER_KILLS_OF_KINDOF_TO_COUNTER">
						<ParameterList/>
					</Action>
				</Script>
				<Script
					id="Total__6">
					<Action
						Type="SET_COUNTER">
						<ParameterList/>
					</Action>
					<Action
						Type="COUNTER_MATH_COUNTER">
						<ParameterList/>
					</Action>
					<Action
						Type="COUNTER_MATH_COUNTER">
						<ParameterList/>
					</Action>
				</Script>
				<Script
					id="Getmoney__6">
					<Action
						Type="INCREMENT_COUNTER">
						<ParameterList/>
					</Action>
					<Action
						Type="CREATE_REINFORCEMENT_TEAM">
						<ParameterList/>
					</Action>
					<Action
						Type="TEAM_ATTACK_MOVE_FOLLOW_WAYPOINTS">
						<ParameterList/>
					</Action>
					<Action
						Type="PLAYER_GIVE_MONEY">
						<ParameterList/>
					</Action>
				</Script>
			</ScriptGroup>
		</ScriptSet>
	</GameScriptList>
	<GameScriptList
		id="Player_6">
		<ScriptSet>
			<Script
				id="Killer__5">
				<Action
					Type="UNIT_KILL_ALL_IN_AREA">
					<ParameterList/>
				</Action>
			</Script>
			<Script
				id="Lose__5">
				<Action
					Type="PLAYER_KILL">
					<ParameterList/>
				</Action>
			</Script>
			<ScriptGroup
				id="money__5">
				<Script
					id="Count__7">
					<Action
						Type="SET_PLAYER_KILLS_OF_KINDOF_TO_COUNTER">
						<ParameterList/>
					</Action>
					<Action
						Type="SET_PLAYER_KILLS_OF_KINDOF_TO_COUNTER">
						<ParameterList/>
					</Action>
				</Script>
				<Script
					id="Total__7">
					<Action
						Type="SET_COUNTER">
						<ParameterList/>
					</Action>
					<Action
						Type="COUNTER_MATH_COUNTER">
						<ParameterList/>
					</Action>
					<Action
						Type="COUNTER_MATH_COUNTER">
						<ParameterList/>
					</Action>
				</Script>
				<Script
					id="Getmoney__7">
					<Action
						Type="INCREMENT_COUNTER">
						<ParameterList/>
					</Action>
					<Action
						Type="CREATE_REINFORCEMENT_TEAM">
						<ParameterList/>
					</Action>
					<Action
						Type="TEAM_ATTACK_MOVE_FOLLOW_WAYPOINTS">
						<ParameterList/>
					</Action>
					<Action
						Type="PLAYER_GIVE_MONEY">
						<ParameterList/>
					</Action>
				</Script>
			</ScriptGroup>
		</ScriptSet>
	</GameScriptList>
	<GameScriptList
		id="Player_7">
		<ScriptSet>
			<Script
				id="Killer__6">
				<Action
					Type="UNIT_KILL_ALL_IN_AREA">
					<ParameterList/>
				</Action>
			</Script>
			<Script
				id="Lose__6">
				<Action
					Type="PLAYER_KILL">
					<ParameterList/>
				</Action>
			</Script>
			<ScriptGroup
				id="money__6">
				<Script
					id="Count__8">
					<Action
						Type="SET_PLAYER_KILLS_OF_KINDOF_TO_COUNTER">
						<ParameterList/>
					</Action>
					<Action
						Type="SET_PLAYER_KILLS_OF_KINDOF_TO_COUNTER">
						<ParameterList/>
					</Action>
				</Script>
				<Script
					id="Total__8">
					<Action
						Type="SET_COUNTER">
						<ParameterList/>
					</Action>
					<Action
						Type="COUNTER_MATH_COUNTER">
						<ParameterList/>
					</Action>
					<Action
						Type="COUNTER_MATH_COUNTER">
						<ParameterList/>
					</Action>
				</Script>
				<Script
					id="Getmoney__8">
					<Action
						Type="INCREMENT_COUNTER">
						<ParameterList/>
					</Action>
					<Action
						Type="CREATE_REINFORCEMENT_TEAM">
						<ParameterList/>
					</Action>
					<Action
						Type="TEAM_ATTACK_MOVE_FOLLOW_WAYPOINTS">
						<ParameterList/>
					</Action>
					<Action
						Type="PLAYER_GIVE_MONEY">
						<ParameterList/>
					</Action>
				</Script>
			</ScriptGroup>
		</ScriptSet>
	</GameScriptList>
	<GameScriptList
		id="Player_8">
		<ScriptSet>
			<Script
				id="Killer__7">
				<Action
					Type="UNIT_KILL_ALL_IN_AREA">
					<ParameterList/>
				</Action>
			</Script>
			<Script
				id="Lose__7">
				<Action
					Type="PLAYER_KILL">
					<ParameterList/>
				</Action>
			</Script>
			<ScriptGroup
				id="money__7">
				<Script
					id="Count__9">
					<Action
						Type="SET_PLAYER_KILLS_OF_KINDOF_TO_COUNTER">
						<ParameterList/>
					</Action>
					<Action
						Type="SET_PLAYER_KILLS_OF_KINDOF_TO_COUNTER">
						<ParameterList/>
					</Action>
				</Script>
				<Script
					id="Total__9">
					<Action
						Type="SET_COUNTER">
						<ParameterList/>
					</Action>
					<Action
						Type="COUNTER_MATH_COUNTER">
						<ParameterList/>
					</Action>
					<Action
						Type="COUNTER_MATH_COUNTER">
						<ParameterList/>
					</Action>
				</Script>
				<Script
					id="Getmoney__9">
					<Action
						Type="INCREMENT_COUNTER">
						<ParameterList/>
					</Action>
					<Action
						Type="CREATE_REINFORCEMENT_TEAM">
						<ParameterList/>
					</Action>
					<Action
						Type="TEAM_ATTACK_MOVE_FOLLOW_WAYPOINTS">
						<ParameterList/>
					</Action>
					<Action
						Type="PLAYER_GIVE_MONEY">
						<ParameterList/>
					</Action>
				</Script>
			</ScriptGroup>
		</ScriptSet>
	</GameScriptList>
</AssetDeclaration>