<?xml version="1.0" encoding="UTF-8"?>
<AssetDeclaration
	xmlns="uri:ea.com:eala:asset"
	xmlns:xsi="http://www.w3.org/2001/XMLSchema-instance">
	<Tags/>
	<Includes>
		<Include
			source="DATA:static.xml"
			type="reference"/>
		<Include
			source="DATA:global.xml"
			type="reference"/>
		<Include
			source="ART:DCWashington_vol.xml"
			type="instance"/>
		<Include
			source="ART:EVDefault.xml"
			type="instance"/>
		<Include
			source="ART:TSCloudMed.xml"
			type="instance"/>
		<Include
			source="ART:TSNoiseUrb.xml"
			type="instance"/>
		<Include
			source="DATA:GlobalData/roads.xml"
			type="instance"/>
		<Include
			source="DATA:neutral/structures/tiberiumsilo.xml"
			type="instance"/>
		<Include
			source="DATA:nod/units_singleplayercampaign/nodmarciontransport.xml"
			type="instance"/>
		<Include
			source="DATA:sounds/musicscript_yellowzone.xml"
			type="instance"/>
		<Include
			source="overrides.xml"
			type="all"/>
	</Includes>
	<GameMap
		id="erlNitedefendersoftheearth">
		<Waypoint
			id="Waypoint 38">
			<Position
				x="881.108"
				y="567.519"
				z="0"/>
		</Waypoint>
		<Waypoint
			id="Waypoint 37">
			<Position
				x="965.609"
				y="650.513"
				z="0"/>
		</Waypoint>
		<Waypoint
			id="nuke bilar">
			<Position
				x="115.925"
				y="561.48"
				z="0"/>
		</Waypoint>
		<Waypoint
			id="Waypoint 35">
			<Position
				x="1829.75"
				y="2464.94"
				z="0"/>
		</Waypoint>
		<Waypoint
			id="Waypoint 34">
			<Position
				x="1482.5"
				y="2466.35"
				z="0"/>
		</Waypoint>
		<Waypoint
			id="Waypoint 33">
			<Position
				x="1179.92"
				y="2470.04"
				z="0"/>
		</Waypoint>
		<Waypoint
			id="Waypoint 32">
			<Position
				x="876.115"
				y="2469.06"
				z="0"/>
		</Waypoint>
		<Waypoint
			id="Waypoint 31">
			<Position
				x="616.778"
				y="2372.26"
				z="0"/>
		</Waypoint>
		<Waypoint
			id="Waypoint 30">
			<Position
				x="543.311"
				y="2143.8"
				z="0"/>
		</Waypoint>
		<Waypoint
			id="Waypoint 29">
			<Position
				x="2419.11"
				y="1568.04"
				z="0"/>
		</Waypoint>
		<Waypoint
			id="Waypoint 28">
			<Position
				x="2434.09"
				y="1841.03"
				z="0"/>
		</Waypoint>
		<Waypoint
			id="Waypoint 27">
			<Position
				x="2401.65"
				y="1315.62"
				z="0"/>
		</Waypoint>
		<Waypoint
			id="Waypoint 26">
			<Position
				x="2115.91"
				y="2464.61"
				z="0"/>
		</Waypoint>
		<Waypoint
			id="Waypoint 25">
			<Position
				x="2407.21"
				y="2416.79"
				z="0"/>
		</Waypoint>
		<Waypoint
			id="Waypoint 24">
			<Position
				x="2451.27"
				y="2127.59"
				z="0"/>
		</Waypoint>
		<Waypoint
			id="cam5">
			<Position
				x="347.51"
				y="677.796"
				z="0"/>
		</Waypoint>
		<Waypoint
			id="cam4">
			<Position
				x="2713.29"
				y="1383.82"
				z="0"/>
		</Waypoint>
		<Waypoint
			id="cam3">
			<Position
				x="1600.91"
				y="1578.69"
				z="0"/>
		</Waypoint>
		<Waypoint
			id="cam2">
			<Position
				x="662.039"
				y="2322.11"
				z="0"/>
		</Waypoint>
		<Waypoint
			id="cam1">
			<Position
				x="245.467"
				y="2353.71"
				z="0"/>
		</Waypoint>
		<Waypoint
			id="Waypoint 21">
			<Position
				x="2754.55"
				y="1330.9"
				z="0"/>
		</Waypoint>
		<Waypoint
			id="Waypoint 20">
			<Position
				x="2709.92"
				y="1348.72"
				z="0"/>
		</Waypoint>
		<Waypoint
			id="Waypoint 19">
			<Position
				x="2724.69"
				y="1365.5"
				z="0"/>
		</Waypoint>
		<Waypoint
			id="Waypoint 18">
			<Position
				x="2740.88"
				y="1867.83"
				z="0"/>
		</Waypoint>
		<Waypoint
			id="Waypoint 17">
			<Position
				x="2753.16"
				y="2425.98"
				z="0"/>
		</Waypoint>
		<Waypoint
			id="Waypoint 16">
			<Position
				x="2549.29"
				y="2768.77"
				z="0"/>
		</Waypoint>
		<Waypoint
			id="Waypoint 15">
			<Position
				x="2088.6"
				y="2765.99"
				z="0"/>
		</Waypoint>
		<Waypoint
			id="Waypoint 14">
			<Position
				x="1622.04"
				y="2770.45"
				z="0"/>
		</Waypoint>
		<Waypoint
			id="Waypoint 13">
			<Position
				x="1108.01"
				y="2778.5"
				z="0"/>
		</Waypoint>
		<Waypoint
			id="Waypoint 12">
			<Position
				x="548.144"
				y="2773.86"
				z="0"/>
		</Waypoint>
		<Waypoint
			id="Waypoint 11">
			<Position
				x="259.351"
				y="2473.84"
				z="0"/>
		</Waypoint>
		<Waypoint
			id="Waypoint 10">
			<Position
				x="226.947"
				y="1868.17"
				z="0"/>
		</Waypoint>
		<Waypoint
			id="Waypoint 9">
			<Position
				x="261.872"
				y="1062.95"
				z="0"/>
		</Waypoint>
		<Waypoint
			id="Player_4_Start">
			<Position
				x="968.444"
				y="564.195"
				z="0"/>
		</Waypoint>
		<Waypoint
			id="Player_3_Start">
			<Position
				x="1389.18"
				y="1753.66"
				z="0"/>
		</Waypoint>
		<Waypoint
			id="Player_2_Start">
			<Position
				x="2258.77"
				y="593.803"
				z="0"/>
		</Waypoint>
		<Waypoint
			id="Player_1_Start">
			<Position
				x="1773.43"
				y="1358.82"
				z="0"/>
		</Waypoint>
		<Structure
			Angle="-2.35619"
			EventList=""
			Faction="Player_3/teamPlayer_3"
			Health="100"
			Team="Player_3"
			ThingTemplate="AlienTiberiumTower"
			id="AlienTiberiumTower">
			<Position
				x="-602.217"
				y="1491.18"
				z="0"/>
		</Structure>
		<Structure
			Angle="-0.785398"
			EventList=""
			Faction="Player_3/teamPlayer_3"
			Health="100"
			Team="Player_3"
			ThingTemplate="ZOCOMRefinery"
			id="ZOCOMRefinery">
			<Position
				x="-601.885"
				y="1489.37"
				z="0"/>
		</Structure>
		<Structure
			Angle="-2.35619"
			EventList=""
			Faction="Player_3/teamPlayer_3"
			Health="100"
			Team="Player_3"
			ThingTemplate="Traveler59TiberiumTower"
			id="Traveler59TiberiumTower">
			<Position
				x="-597.783"
				y="1489.36"
				z="0"/>
		</Structure>
		<Structure
			Angle="-0.785398"
			EventList=""
			Faction="Player_3/teamPlayer_3"
			Health="100"
			Team="Player_3"
			ThingTemplate="SteelTalonsRefinery"
			id="SteelTalonsRefinery">
			<Position
				x="-601.885"
				y="1489.37"
				z="0"/>
		</Structure>
		<Structure
			Angle="-2.35619"
			EventList=""
			Faction="Player_3/teamPlayer_3"
			Health="100"
			Team="Player_3"
			ThingTemplate="Reaper17TiberiumTower"
			id="Reaper17TiberiumTower">
			<Position
				x="-601.885"
				y="1489.37"
				z="0"/>
		</Structure>
		<Structure
			Angle="-0.785398"
			EventList=""
			Faction="Player_3/teamPlayer_3"
			Health="100"
			Team="Player_3"
			ThingTemplate="NODRefinery"
			id="NODRefinery">
			<Position
				x="-601.885"
				y="1489.37"
				z="0"/>
		</Structure>
		<Structure
			Angle="-0.785398"
			EventList=""
			Faction="Player_3/teamPlayer_3"
			Health="100"
			Team="Player_3"
			ThingTemplate="MarkedOfKaneRefinery"
			id="MarkedOfKaneRefinery">
			<Position
				x="-601.885"
				y="1489.37"
				z="0"/>
		</Structure>
		<Structure
			Angle="-0.785398"
			EventList=""
			Faction="Player_3/teamPlayer_3"
			Health="100"
			Team="Player_3"
			ThingTemplate="GDIRefinery"
			id="GDIRefinery">
			<Position
				x="-601.885"
				y="1489.37"
				z="0"/>
		</Structure>
		<Structure
			Angle="-0.785398"
			EventList=""
			Faction="Player_3/teamPlayer_3"
			Health="100"
			Team="Player_3"
			ThingTemplate="BlackHandRefinery"
			id="BlackHandRefinery">
			<Position
				x="-601.885"
				y="1489.37"
				z="0"/>
		</Structure>
		<Structure
			Angle="-2.35619"
			EventList=""
			Faction="Player_2/teamPlayer_2"
			Health="100"
			Team="Player_2"
			ThingTemplate="AlienTiberiumTower"
			id="AlienTiberiumTower">
			<Position
				x="-603.361"
				y="1336.89"
				z="0"/>
		</Structure>
		<Structure
			Angle="-0.785398"
			EventList=""
			Faction="Player_2/teamPlayer_2"
			Health="100"
			Team="Player_2"
			ThingTemplate="ZOCOMRefinery"
			id="ZOCOMRefinery">
			<Position
				x="-603.029"
				y="1335.08"
				z="0"/>
		</Structure>
		<Structure
			Angle="-2.35619"
			EventList=""
			Faction="Player_2/teamPlayer_2"
			Health="100"
			Team="Player_2"
			ThingTemplate="Traveler59TiberiumTower"
			id="Traveler59TiberiumTower">
			<Position
				x="-598.927"
				y="1335.07"
				z="0"/>
		</Structure>
		<Structure
			Angle="-0.785398"
			EventList=""
			Faction="Player_2/teamPlayer_2"
			Health="100"
			Team="Player_2"
			ThingTemplate="SteelTalonsRefinery"
			id="SteelTalonsRefinery">
			<Position
				x="-603.029"
				y="1335.08"
				z="0"/>
		</Structure>
		<Structure
			Angle="-2.35619"
			EventList=""
			Faction="Player_2/teamPlayer_2"
			Health="100"
			Team="Player_2"
			ThingTemplate="Reaper17TiberiumTower"
			id="Reaper17TiberiumTower">
			<Position
				x="-603.029"
				y="1335.08"
				z="0"/>
		</Structure>
		<Structure
			Angle="-0.785398"
			EventList=""
			Faction="Player_2/teamPlayer_2"
			Health="100"
			Team="Player_2"
			ThingTemplate="NODRefinery"
			id="NODRefinery">
			<Position
				x="-603.029"
				y="1335.08"
				z="0"/>
		</Structure>
		<Structure
			Angle="-0.785398"
			EventList=""
			Faction="Player_2/teamPlayer_2"
			Health="100"
			Team="Player_2"
			ThingTemplate="MarkedOfKaneRefinery"
			id="MarkedOfKaneRefinery">
			<Position
				x="-603.029"
				y="1335.08"
				z="0"/>
		</Structure>
		<Structure
			Angle="-0.785398"
			EventList=""
			Faction="Player_2/teamPlayer_2"
			Health="100"
			Team="Player_2"
			ThingTemplate="GDIRefinery"
			id="GDIRefinery">
			<Position
				x="-603.029"
				y="1335.08"
				z="0"/>
		</Structure>
		<Structure
			Angle="-0.785398"
			EventList=""
			Faction="Player_2/teamPlayer_2"
			Health="100"
			Team="Player_2"
			ThingTemplate="BlackHandRefinery"
			id="BlackHandRefinery">
			<Position
				x="-603.029"
				y="1335.08"
				z="0"/>
		</Structure>
		<Structure
			Angle="-2.35619"
			EventList=""
			Faction="Player_1/teamPlayer_1"
			Health="100"
			Team="Player_1"
			ThingTemplate="AlienTiberiumTower"
			id="AlienTiberiumTower">
			<Position
				x="-600.542"
				y="1201.58"
				z="0"/>
		</Structure>
		<Structure
			Angle="-0.785398"
			EventList=""
			Faction="Player_1/teamPlayer_1"
			Health="100"
			Team="Player_1"
			ThingTemplate="ZOCOMRefinery"
			id="ZOCOMRefinery">
			<Position
				x="-600.21"
				y="1199.77"
				z="0"/>
		</Structure>
		<Structure
			Angle="-2.35619"
			EventList=""
			Faction="Player_1/teamPlayer_1"
			Health="100"
			Team="Player_1"
			ThingTemplate="Traveler59TiberiumTower"
			id="Traveler59TiberiumTower">
			<Position
				x="-596.108"
				y="1199.76"
				z="0"/>
		</Structure>
		<Structure
			Angle="-0.785398"
			EventList=""
			Faction="Player_1/teamPlayer_1"
			Health="100"
			Team="Player_1"
			ThingTemplate="SteelTalonsRefinery"
			id="SteelTalonsRefinery">
			<Position
				x="-600.21"
				y="1199.77"
				z="0"/>
		</Structure>
		<Structure
			Angle="-2.35619"
			EventList=""
			Faction="Player_1/teamPlayer_1"
			Health="100"
			Team="Player_1"
			ThingTemplate="Reaper17TiberiumTower"
			id="Reaper17TiberiumTower">
			<Position
				x="-600.21"
				y="1199.77"
				z="0"/>
		</Structure>
		<Structure
			Angle="-0.785398"
			EventList=""
			Faction="Player_1/teamPlayer_1"
			Health="100"
			Team="Player_1"
			ThingTemplate="NODRefinery"
			id="NODRefinery">
			<Position
				x="-600.21"
				y="1199.77"
				z="0"/>
		</Structure>
		<Structure
			Angle="-0.785398"
			EventList=""
			Faction="Player_1/teamPlayer_1"
			Health="100"
			Team="Player_1"
			ThingTemplate="MarkedOfKaneRefinery"
			id="MarkedOfKaneRefinery">
			<Position
				x="-600.21"
				y="1199.77"
				z="0"/>
		</Structure>
		<Structure
			Angle="-0.785398"
			EventList=""
			Faction="Player_1/teamPlayer_1"
			Health="100"
			Team="Player_1"
			ThingTemplate="GDIRefinery"
			id="GDIRefinery">
			<Position
				x="-600.21"
				y="1199.77"
				z="0"/>
		</Structure>
		<Structure
			Angle="-0.785398"
			EventList=""
			Faction="Player_1/teamPlayer_1"
			Health="100"
			Team="Player_1"
			ThingTemplate="BlackHandRefinery"
			id="BlackHandRefinery">
			<Position
				x="-600.21"
				y="1199.77"
				z="0"/>
		</Structure>
		<Structure
			Angle="-0.392699"
			EventList=""
			Faction="Player_3/teamPlayer_3"
			Health="100"
			Team="Player_3"
			ThingTemplate="AlienRiftGenerator"
			id="AlienRiftGenerator">
			<Position
				x="3655.91"
				y="825.501"
				z="0"/>
		</Structure>
		<Structure
			Angle="-0.392699"
			EventList=""
			Faction="Player_2/teamPlayer_2"
			Health="100"
			Team="Player_2"
			ThingTemplate="AlienRiftGenerator"
			id="AlienRiftGenerator">
			<Position
				x="3648.74"
				y="897.391"
				z="0"/>
		</Structure>
		<Structure
			Angle="-0.392699"
			EventList=""
			Faction="Player_1/teamPlayer_1"
			Health="100"
			Team="Player_1"
			ThingTemplate="AlienRiftGenerator"
			id="AlienRiftGenerator">
			<Position
				x="3638.49"
				y="957.677"
				z="0"/>
		</Structure>
		<Structure
			Angle="-2.35619"
			EventList=""
			Faction="Player_3/teamPlayer_3"
			Health="100"
			Team="Player_3"
			ThingTemplate="AlienStatisChamber"
			id="AlienStatisChamber">
			<Position
				x="3650.07"
				y="1153.27"
				z="0"/>
		</Structure>
		<Structure
			Angle="-2.35619"
			EventList=""
			Faction="Player_2/teamPlayer_2"
			Health="100"
			Team="Player_2"
			ThingTemplate="AlienStatisChamber"
			id="AlienStatisChamber">
			<Position
				x="3650.36"
				y="1191.51"
				z="0"/>
		</Structure>
		<Structure
			Angle="-2.35619"
			EventList=""
			Faction="Player_1/teamPlayer_1"
			Health="100"
			Team="Player_1"
			ThingTemplate="AlienStatisChamber"
			id="AlienStatisChamber">
			<Position
				x="3642.85"
				y="1226.31"
				z="0"/>
		</Structure>
		<Structure
			Angle="-2.35619"
			EventList=""
			Faction="Player_3/teamPlayer_3"
			Health="100"
			Team="Player_3"
			ThingTemplate="Traveler59Reactor"
			id="Traveler59Reactor">
			<Position
				x="3633.24"
				y="1422.19"
				z="0"/>
		</Structure>
		<Structure
			Angle="-2.35619"
			EventList=""
			Faction="Player_2/teamPlayer_2"
			Health="100"
			Team="Player_2"
			ThingTemplate="Traveler59Reactor"
			id="Traveler59Reactor">
			<Position
				x="3621.21"
				y="1501.04"
				z="0"/>
		</Structure>
		<Structure
			Angle="-2.35619"
			EventList=""
			Faction="Player_1/teamPlayer_1"
			Health="100"
			Team="Player_1"
			ThingTemplate="Traveler59Reactor"
			id="Traveler59Reactor">
			<Position
				x="3611.88"
				y="1605.8"
				z="0"/>
		</Structure>
		<Structure
			Angle="-0.785398"
			EventList=""
			Faction="Player_4/teamPlayer_4"
			Health="100"
			Team="Player_4"
			ThingTemplate="BlackHandOperationsCenter"
			id="BlackHandOperationsCenter">
			<Position
				x="-155.846"
				y="69.9031"
				z="0"/>
		</Structure>
		<Structure
			Angle="-0.022472"
			EventList=""
			Faction="Player_4/teamPlayer_4"
			Health="100"
			Team="Player_4"
			ThingTemplate="AlienSignalTransmitter"
			id="AlienSignalTransmitter">
			<Position
				x="91.9039"
				y="134.019"
				z="0"/>
		</Structure>
		<Structure
			Angle="-2.35619"
			EventList=""
			Faction="Player_4/teamPlayer_4"
			Health="100"
			Team="Player_4"
			ThingTemplate="Traveler59Reactor"
			id="Traveler59Reactor">
			<Position
				x="-151.656"
				y="216.263"
				z="0"/>
		</Structure>
		<Structure
			Angle="0.0227593"
			EventList=""
			Faction="Player_4/teamPlayer_4"
			Health="100"
			Team="Player_4"
			ThingTemplate="Traveler59SignalTransmitter"
			id="Traveler59SignalTransmitter">
			<Position
				x="-138.351"
				y="167.623"
				z="0"/>
		</Structure>
		<Structure
			Angle="-2.35619"
			EventList=""
			Faction="Player_4/teamPlayer_4"
			Health="100"
			Team="Player_4"
			ThingTemplate="NODDisruptionTower"
			id="NODDisruptionTower">
			<Position
				x="205.11"
				y="196.983"
				z="-50"/>
		</Structure>
		<Structure
			Angle="-2.35619"
			EventList=""
			Faction="Player_4/teamPlayer_4"
			Health="100"
			Team="Player_4"
			ThingTemplate="NODDisruptionTower"
			id="NODDisruptionTower">
			<Position
				x="78.2846"
				y="425.808"
				z="-50"/>
		</Structure>
		<Structure
			Angle="-2.35619"
			EventList=""
			Faction="Player_4/teamPlayer_4"
			Health="100"
			Team="Player_4"
			ThingTemplate="NODDisruptionTower"
			id="NODDisruptionTower">
			<Position
				x="381.36"
				y="369.975"
				z="-50"/>
		</Structure>
		<Structure
			Angle="-2.35619"
			EventList=""
			Faction="Player_4/teamPlayer_4"
			Health="100"
			Team="Player_4"
			ThingTemplate="NODDisruptionTower"
			id="NODDisruptionTower">
			<Position
				x="577.663"
				y="367.745"
				z="-50"/>
		</Structure>
		<Structure
			Angle="-2.35619"
			EventList=""
			Faction="Player_4/teamPlayer_4"
			Health="100"
			Team="Player_4"
			ThingTemplate="NODDisruptionTower"
			id="NODDisruptionTower">
			<Position
				x="645.15"
				y="211.742"
				z="-50"/>
		</Structure>
		<Structure
			Angle="-2.35619"
			EventList=""
			Faction="Player_4/teamPlayer_4"
			Health="100"
			Team="Player_4"
			ThingTemplate="NODDisruptionTower"
			id="NODDisruptionTower">
			<Position
				x="842.19"
				y="137.118"
				z="-50"/>
		</Structure>
		<Structure
			Angle="-2.35619"
			EventList=""
			Faction="Player_4/teamPlayer_4"
			Health="100"
			Team="Player_4"
			ThingTemplate="NODDisruptionTower"
			id="NODDisruptionTower">
			<Position
				x="1192.99"
				y="153.148"
				z="-50"/>
		</Structure>
		<Structure
			Angle="-2.35619"
			EventList=""
			Faction="Player_4/teamPlayer_4"
			Health="100"
			Team="Player_4"
			ThingTemplate="NODDisruptionTower"
			id="NODDisruptionTower">
			<Position
				x="1118.88"
				y="472.178"
				z="-50"/>
		</Structure>
		<Structure
			Angle="-2.35619"
			EventList=""
			Faction="Player_4/teamPlayer_4"
			Health="100"
			Team="Player_4"
			ThingTemplate="NODDisruptionTower"
			id="NODDisruptionTower">
			<Position
				x="920.886"
				y="710.289"
				z="-50"/>
		</Structure>
		<Structure
			Angle="-2.35619"
			EventList=""
			Faction="Player_4/teamPlayer_4"
			Health="100"
			Team="Player_4"
			ThingTemplate="NODDisruptionTower"
			id="NODDisruptionTower">
			<Position
				x="657.031"
				y="873.417"
				z="-50"/>
		</Structure>
		<Structure
			Angle="-2.35619"
			EventList=""
			Faction="Player_4/teamPlayer_4"
			Health="100"
			Team="Player_4"
			ThingTemplate="NODDisruptionTower"
			id="NODDisruptionTower">
			<Position
				x="64.6823"
				y="721.723"
				z="-50"/>
		</Structure>
		<Structure
			Angle="-3.09548"
			EventList=""
			Faction="Player_4/teamPlayer_4"
			Health="100"
			Team="Player_4"
			ThingTemplate="GDIAirTower"
			id="GDIAirTower">
			<Position
				x="1020.41"
				y="375.165"
				z="0"/>
		</Structure>
		<Structure
			Angle="-3.09548"
			EventList=""
			Faction="Player_4/teamPlayer_4"
			Health="100"
			Team="Player_4"
			ThingTemplate="GDIAirTower"
			id="GDIAirTower">
			<Position
				x="1028.46"
				y="196.902"
				z="0"/>
		</Structure>
		<Structure
			Angle="-3.09548"
			EventList=""
			Faction="Player_4/teamPlayer_4"
			Health="100"
			Team="Player_4"
			ThingTemplate="GDIAirTower"
			id="GDIAirTower">
			<Position
				x="886.967"
				y="367.623"
				z="0"/>
		</Structure>
		<Structure
			Angle="1.71835"
			EventList=""
			Faction="Player_4/teamPlayer_4"
			Health="100"
			Team="Player_4"
			ThingTemplate="NODHandOfNOD"
			id="NODHandOfNOD">
			<Position
				x="680.936"
				y="439.76"
				z="0"/>
		</Structure>
		<Structure
			Angle="1.71835"
			EventList=""
			Faction="Player_4/teamPlayer_4"
			Health="100"
			Team="Player_4"
			ThingTemplate="NODHandOfNOD"
			id="NODHandOfNOD">
			<Position
				x="623.964"
				y="437.658"
				z="0"/>
		</Structure>
		<Structure
			Angle="1.76376"
			EventList=""
			Faction="Player_4/teamPlayer_4"
			Health="100"
			Team="Player_4"
			ThingTemplate="MG_NOD_WarmechFacility"
			id="MG_NOD_WarmechFacility">
			<Position
				x="468.195"
				y="425.682"
				z="0"/>
		</Structure>
		<Structure
			Angle="1.59842"
			EventList=""
			Faction="Player_4/teamPlayer_4"
			Health="100"
			Team="Player_4"
			ThingTemplate="MG_NOD_WarmechFacility"
			id="MG_NOD_WarmechFacility">
			<Position
				x="306.175"
				y="418.515"
				z="0"/>
		</Structure>
		<Structure
			Angle="2.553"
			EventList=""
			Faction="Player_4/teamPlayer_4"
			Health="100"
			Team="Player_4"
			ThingTemplate="GDIBarracks"
			id="GDIBarracks">
			<Position
				x="742.964"
				y="481.036"
				z="0"/>
		</Structure>
		<Structure
			Angle="2.82424"
			EventList=""
			Faction="Player_4/teamPlayer_4"
			Health="100"
			Team="Player_4"
			ThingTemplate="GDIBarracks"
			id="GDIBarracks">
			<Position
				x="777.687"
				y="552.629"
				z="0"/>
		</Structure>
		<Structure
			Angle="-3.04256"
			EventList=""
			Faction="Player_4/teamPlayer_4"
			Health="100"
			Team="Player_4"
			ThingTemplate="MG_GDI_ReclamatorHub"
			id="MG_GDI_ReclamatorHub">
			<Position
				x="659.785"
				y="793.645"
				z="0"/>
		</Structure>
		<Structure
			Angle="-3.04256"
			EventList=""
			Faction="Player_4/teamPlayer_4"
			Health="100"
			Team="Player_4"
			ThingTemplate="MG_GDI_ReclamatorHub"
			id="MG_GDI_ReclamatorHub">
			<Position
				x="546.095"
				y="892.438"
				z="0"/>
		</Structure>
		<Structure
			Angle="1.63682"
			EventList=""
			Faction="Player_4/teamPlayer_4"
			Health="100"
			Team="Player_4"
			ThingTemplate="NODHangar"
			id="NODHangar">
			<Position
				x="778.965"
				y="231.152"
				z="0"/>
		</Structure>
		<Structure
			Angle="1.63682"
			EventList=""
			Faction="Player_4/teamPlayer_4"
			Health="100"
			Team="Player_4"
			ThingTemplate="NODHangar"
			id="NODHangar">
			<Position
				x="780.629"
				y="146.212"
				z="0"/>
		</Structure>
		<Structure
			Angle="1.63682"
			EventList=""
			Faction="Player_4/teamPlayer_4"
			Health="100"
			Team="Player_4"
			ThingTemplate="NODHangar"
			id="NODHangar">
			<Position
				x="698.622"
				y="138.416"
				z="0"/>
		</Structure>
		<Structure
			Angle="1.63682"
			EventList=""
			Faction="Player_4/teamPlayer_4"
			Health="100"
			Team="Player_4"
			ThingTemplate="NODHangar"
			id="NODHangar">
			<Position
				x="692.341"
				y="221.775"
				z="0"/>
		</Structure>
		<Structure
			Angle="1.62237"
			EventList=""
			Faction="Player_4/teamPlayer_4"
			Health="100"
			Team="Player_4"
			ThingTemplate="AlienWarpBeacon"
			id="AlienWarpBeacon">
			<Position
				x="591.614"
				y="145.138"
				z="0"/>
		</Structure>
		<Structure
			Angle="1.62237"
			EventList=""
			Faction="Player_4/teamPlayer_4"
			Health="100"
			Team="Player_4"
			ThingTemplate="AlienWarpBeacon"
			id="AlienWarpBeacon">
			<Position
				x="589.118"
				y="272.454"
				z="0"/>
		</Structure>
		<Structure
			Angle="1.62237"
			EventList=""
			Faction="Player_4/teamPlayer_4"
			Health="100"
			Team="Player_4"
			ThingTemplate="AlienWarpBeacon"
			id="AlienWarpBeacon">
			<Position
				x="476.611"
				y="261.299"
				z="0"/>
		</Structure>
		<Structure
			Angle="0.323439"
			EventList=""
			Faction="Player_4/teamPlayer_4"
			Health="100"
			Team="Player_4"
			ThingTemplate="AlienPortal"
			id="AlienPortal">
			<Position
				x="36.59"
				y="615.301"
				z="0"/>
		</Structure>
		<Structure
			Angle="0.323439"
			EventList=""
			Faction="Player_4/teamPlayer_4"
			Health="100"
			Team="Player_4"
			ThingTemplate="AlienPortal"
			id="AlienPortal">
			<Position
				x="43.6271"
				y="661.378"
				z="0"/>
		</Structure>
		<Structure
			Angle="0.774063"
			EventList=""
			Faction="Player_4/teamPlayer_4"
			Health="100"
			Team="Player_4"
			ThingTemplate="MG_Alien_Hive"
			id="MG_Alien_Hive">
			<Position
				x="68.6015"
				y="792.618"
				z="0"/>
		</Structure>
		<Structure
			Angle="0.774063"
			EventList=""
			Faction="Player_4/teamPlayer_4"
			Health="100"
			Team="Player_4"
			ThingTemplate="MG_Alien_Hive"
			id="MG_Alien_Hive">
			<Position
				x="67.4424"
				y="893.566"
				z="0"/>
		</Structure>
		<Structure
			Angle="-0.785398"
			EventList=""
			Faction="Player_4/teamPlayer_4"
			Health="100"
			Team="Player_4"
			ThingTemplate="NODTiberiumLiquidationFacility"
			id="NODTiberiumLiquidationFacility">
			<Position
				x="-170.915"
				y="578.887"
				z="0"/>
		</Structure>
		<Structure
			Angle="-0.785398"
			EventList=""
			Faction="Player_4/teamPlayer_4"
			Health="100"
			Team="Player_4"
			ThingTemplate="GDISpaceCommandUplink"
			id="GDISpaceCommandUplink">
			<Position
				x="-157.645"
				y="342.806"
				z="0"/>
		</Structure>
		<Structure
			Angle="3.10613"
			EventList=""
			Faction="Player_4/teamPlayer_4"
			Health="100"
			Team="Player_4"
			ThingTemplate="NODDisruptionTower"
			id="NODDisruptionTower">
			<Position
				x="442.299"
				y="1107.95"
				z="-50"/>
		</Structure>
		<Structure
			Angle="-0.785398"
			EventList=""
			Faction="Player_4/teamPlayer_4"
			Health="100"
			Team="Player_4"
			ThingTemplate="GDIConstructionYard"
			id="GDIConstructionYard">
			<Position
				x="-170.758"
				y="402.294"
				z="0"/>
		</Structure>
		<Structure
			Angle="0"
			EventList=""
			Faction="Player_4/teamPlayer_4"
			Health="100"
			Team="Player_4"
			ThingTemplate="AlienDronePlatform"
			id="AlienDronePlatform">
			<Position
				x="-167.063"
				y="203.396"
				z="0"/>
		</Structure>
		<Structure
			Angle="-2.35619"
			EventList=""
			Faction="Player_4/teamPlayer_4"
			Health="100"
			Team="Player_4"
			ThingTemplate="NODConstructionYard"
			id="NODConstructionYard">
			<Position
				x="-191.207"
				y="544.563"
				z="0"/>
		</Structure>
		<Structure
			Angle="-0.634281"
			EventList=""
			Faction="Player_4/teamPlayer_4"
			Health="100"
			Team="Player_4"
			ThingTemplate="NODDisruptionTower"
			id="NODDisruptionTower">
			<Position
				x="35.3251"
				y="1111.83"
				z="-50"/>
		</Structure>
		<Structure
			Angle="1.2623"
			EventList=""
			Faction="Player_4/teamPlayer_4"
			Health="100"
			Team="Player_4"
			ThingTemplate="MG_NOD_WarmechFacility"
			id="MG_NOD_WarmechFacility">
			<Position
				x="151.265"
				y="440.239"
				z="0"/>
		</Structure>
		<Structure
			Angle="-3.10912"
			EventList=""
			Faction="Player_4/teamPlayer_4"
			Health="100"
			Team="Player_4"
			ThingTemplate="NODTechAssemblyPlant"
			id="NODTechAssemblyPlant">
			<Position
				x="154.185"
				y="235.54"
				z="0"/>
		</Structure>
		<Structure
			Angle="-1.56225"
			EventList=""
			Faction="Player_4/teamPlayer_4"
			Health="100"
			Team="Player_4"
			ThingTemplate="NODSecretShrine"
			id="NODSecretShrine">
			<Position
				x="157.844"
				y="363.128"
				z="0"/>
		</Structure>
		<Structure
			Angle="0.785398"
			EventList=""
			Faction="Player_4/teamPlayer_4"
			Health="100"
			Team="Player_4"
			ThingTemplate="NODPowerPlant"
			id="NODPowerPlant">
			<Position
				x="-114.668"
				y="232.251"
				z="0"/>
		</Structure>
		<Structure
			Angle="-1.49973"
			EventList=""
			Faction="Player_4/teamPlayer_4"
			Health="100"
			Team="Player_4"
			ThingTemplate="NODOperationsCenter"
			id="NODOperationsCenter">
			<Position
				x="247.487"
				y="321.811"
				z="0"/>
		</Structure>
		<Structure
			Angle="1.71835"
			EventList=""
			Faction="Player_4/teamPlayer_4"
			Health="100"
			Team="Player_4"
			ThingTemplate="NODHandOfNOD"
			id="NODHandOfNOD">
			<Position
				x="568.54"
				y="441.6"
				z="0"/>
		</Structure>
		<Structure
			Angle="-3.04256"
			EventList=""
			Faction="Player_4/teamPlayer_4"
			Health="100"
			Team="Player_4"
			ThingTemplate="MG_GDI_ReclamatorHub"
			id="MG_GDI_ReclamatorHub">
			<Position
				x="464.276"
				y="991.087"
				z="0"/>
		</Structure>
		<Structure
			Angle="3.13144"
			EventList=""
			Faction="Player_4/teamPlayer_4"
			Health="100"
			Team="Player_4"
			ThingTemplate="GDIArmory"
			id="GDIArmory">
			<Position
				x="265.479"
				y="210.364"
				z="0"/>
		</Structure>
		<Structure
			Angle="-0.785398"
			EventList=""
			Faction="Player_4/teamPlayer_4"
			Health="100"
			Team="Player_4"
			ThingTemplate="GDIPowerPlant"
			id="GDIPowerPlant">
			<Position
				x="-128.999"
				y="384.993"
				z="0"/>
		</Structure>
		<Structure
			Angle="3.13918"
			EventList=""
			Faction="Player_4/teamPlayer_4"
			Health="100"
			Team="Player_4"
			ThingTemplate="GDICommandPost"
			id="GDICommandPost">
			<Position
				x="355.353"
				y="200.548"
				z="0"/>
		</Structure>
		<Structure
			Angle="2.89084"
			EventList=""
			Faction="Player_4/teamPlayer_4"
			Health="100"
			Team="Player_4"
			ThingTemplate="GDIBarracks"
			id="GDIBarracks">
			<Position
				x="800.363"
				y="637.379"
				z="0"/>
		</Structure>
		<Structure
			Angle="-1.479"
			EventList=""
			Faction="Player_4/teamPlayer_4"
			Health="100"
			Team="Player_4"
			ThingTemplate="GDIMedicalBay"
			id="GDIMedicalBay">
			<Position
				x="355.743"
				y="285.052"
				z="0"/>
		</Structure>
		<Structure
			Angle="-3.09548"
			EventList=""
			Faction="Player_4/teamPlayer_4"
			Health="100"
			Team="Player_4"
			ThingTemplate="GDIAirTower"
			id="GDIAirTower">
			<Position
				x="894.673"
				y="187.463"
				z="0"/>
		</Structure>
		<Structure
			Angle="0.774063"
			EventList=""
			Faction="Player_4/teamPlayer_4"
			Health="100"
			Team="Player_4"
			ThingTemplate="MG_Alien_Hive"
			id="MG_Alien_Hive">
			<Position
				x="72.1604"
				y="995.149"
				z="0"/>
		</Structure>
		<Structure
			Angle="1.62237"
			EventList=""
			Faction="Player_4/teamPlayer_4"
			Health="100"
			Team="Player_4"
			ThingTemplate="AlienWarpBeacon"
			id="AlienWarpBeacon">
			<Position
				x="483.864"
				y="142.638"
				z="0"/>
		</Structure>
		<Structure
			Angle="-1.59637"
			EventList=""
			Faction="Player_4/teamPlayer_4"
			Health="100"
			Team="Player_4"
			ThingTemplate="AlienReactor"
			id="AlienReactor">
			<Position
				x="68.2818"
				y="263.658"
				z="0"/>
		</Structure>
		<Structure
			Angle="-1.56848"
			EventList=""
			Faction="Player_4/teamPlayer_4"
			Health="100"
			Team="Player_4"
			ThingTemplate="AlienStatisChamber"
			id="AlienStatisChamber">
			<Position
				x="94.4391"
				y="382.518"
				z="0"/>
		</Structure>
		<Structure
			Angle="-0.785398"
			EventList=""
			Faction="Player_4/teamPlayer_4"
			Health="100"
			Team="Player_4"
			ThingTemplate="AlienPowerProjector"
			id="AlienPowerProjector">
			<Position
				x="-155.435"
				y="572.28"
				z="0"/>
		</Structure>
		<Structure
			Angle="-0.129785"
			EventList=""
			Faction="Player_4/teamPlayer_4"
			Health="100"
			Team="Player_4"
			ThingTemplate="AlienPortal"
			id="AlienPortal">
			<Position
				x="51.6495"
				y="707.36"
				z="0"/>
		</Structure>
		<Structure
			Angle="-1.64601"
			EventList=""
			Faction="Player_4/teamPlayer_4"
			Health="100"
			Team="Player_4"
			ThingTemplate="AlienControlCenter"
			id="AlienControlCenter">
			<Position
				x="57.2421"
				y="381.564"
				z="0"/>
		</Structure>
		<Structure
			Angle="-0.158599"
			EventList=""
			Faction="PlyrCivilian/teamPlyrCivilian"
			Health="15000"
			Team="PlyrCivilian"
			ThingTemplate="TiberiumSilo"
			id="TiberiumSilo">
			<Position
				x="2723.79"
				y="1379.56"
				z="0"/>
		</Structure>
		<Unit
			Angle="0"
			EventList=""
			Faction="PlyrCivilian/civ end team"
			Health="1500"
			Team="PlyrCivilian"
			ThingTemplate="NODMetaUnit"
			id="NODMetaUnit">
			<Position
				x="-569.22"
				y="102.808"
				z="0"/>
		</Unit>
		<Unit
			Angle="0"
			EventList=""
			Faction="PlyrCivilian/civ end team"
			Health="1500"
			Team="PlyrCivilian"
			ThingTemplate="GDIMARV"
			id="GDIMARV">
			<Position
				x="-573.148"
				y="285.098"
				z="0"/>
		</Unit>
		<Unit
			Angle="0"
			EventList=""
			Faction="PlyrCivilian/civ end team"
			Health="1500"
			Team="PlyrCivilian"
			ThingTemplate="AlienEradicatorHexapod"
			id="AlienEradicatorHexapod">
			<Position
				x="-581.704"
				y="223.726"
				z="0"/>
		</Unit>
		<Unit
			Angle="-2.86234"
			EventList=""
			Faction="PlyrCivilian/civ end team gubbe bilar"
			Health="1600"
			Team="PlyrCivilian"
			ThingTemplate="NODBunkerTruck"
			id="NODBunkerTruck">
			<Position
				x="-623.308"
				y="938.157"
				z="0"/>
		</Unit>
		<Unit
			Angle="-2.86234"
			EventList=""
			Faction="PlyrCivilian/civ end team gubbe bilar"
			Health="800"
			Team="PlyrCivilian"
			ThingTemplate="NODMarcionTransport"
			id="NODMarcionTransport">
			<Position
				x="-584.946"
				y="886.836"
				z="0"/>
		</Unit>
		<Unit
			Angle="-2.86234"
			EventList=""
			Faction="PlyrCivilian/civ end team gubbe bilar"
			Health="1500"
			Team="PlyrCivilian"
			ThingTemplate="GDIAPC_Veteran"
			id="GDIAPC_Veteran">
			<Position
				x="-528.239"
				y="873.459"
				z="0"/>
		</Unit>
		<Unit
			Angle="0.645076"
			EventList=""
			Faction="PlyrCivilian/civ end team nuke bilar"
			Health="100"
			Team="PlyrCivilian"
			ThingTemplate="NukeTransport"
			id="NukeTransport">
			<Position
				x="-590.228"
				y="642.062"
				z="0"/>
		</Unit>
		<Unit
			Angle="0.655841"
			EventList=""
			Faction="PlyrCivilian/civ end team nuke bilar"
			Health="200"
			Team="PlyrCivilian"
			ThingTemplate="NukeTransport"
			id="NukeTransport">
			<Position
				x="-604.687"
				y="673.914"
				z="0"/>
		</Unit>
		<Unit
			Angle="0.739632"
			EventList=""
			Faction="PlyrCivilian/civ end team nuke bilar"
			Health="1000"
			Team="PlyrCivilian"
			ThingTemplate="LiquidTiberiumTransport"
			id="LiquidTiberiumTransport">
			<Position
				x="-616.131"
				y="704.392"
				z="0"/>
		</Unit>
		<Unit
			Angle="0.720302"
			EventList=""
			Faction="PlyrCivilian/civ end team nuke bilar"
			Health="1200"
			Team="PlyrCivilian"
			ThingTemplate="CivilianTransport"
			id="CivilianTransport">
			<Position
				x="-592.163"
				y="609.309"
				z="0"/>
		</Unit>
		<MapMetaData
			BorderSize="80"
			CRC="0"
			Description="Map:erlNite-defenders-of-the-earth/Desc"
			DisplayName="erlNite - Defenders of the Earth"
			FileName="Data"
			Height="460"
			IsMultiplayer="true"
			IsOfficial="false"
			NumPlayers="4"
			Width="460">
			<StartPosition
				Name="InitialCameraPosition">
				<Position
					x="0"
					y="0"
					z="0"/>
			</StartPosition>
			<StartPosition
				Name="Player_1_Start">
				<Position
					x="1773.43"
					y="1358.82"
					z="0"/>
			</StartPosition>
			<StartPosition
				Name="Player_2_Start">
				<Position
					x="2258.77"
					y="593.803"
					z="0"/>
			</StartPosition>
			<StartPosition
				Name="Player_3_Start">
				<Position
					x="1389.18"
					y="1753.66"
					z="0"/>
			</StartPosition>
			<StartPosition
				Name="Player_4_Start">
				<Position
					x="968.444"
					y="564.195"
					z="0"/>
			</StartPosition>
		</MapMetaData>
		<EnvironmentData
			Cloud="TSCloudMed"
			Environment="EVDefault"
			Macro="TSNoiseUrb"/>
		<WorldDict>
			<RealProperty
				Key="cameraMaxHeight"
				Value="400"/>
			<BoolProperty
				Key="isLivingWorldScriptHolder"
				Value="false"/>
			<AssetIdProperty
				Key="musicZone"
				Value="MusicPalette_YellowZone"/>
			<StringProperty
				Key="mapName"
				Value="erlNite - Defenders of the Earth"/>
			<StringProperty
				Key="mapDescription"
				Value=""/>
			<IntProperty
				Key="compression"
				Value="1"/>
			<RealProperty
				Key="cameraGroundMinHeight"
				Value="0"/>
			<RealProperty
				Key="cameraGroundMaxHeight"
				Value="2560"/>
			<BoolProperty
				Key="isScenarioMultiplayer"
				Value="false"/>
			<IntProperty
				Key="weather"
				Value="0"/>
		</WorldDict>
		<PostEffect
			Effect="DCWashington_vol"/>
	</GameMap>
	<TerrainTextureAtlas
		AllowLossyCompression="true"
		AtlasSize="2048"
		id="erlNitedefendersoftheearth">
		<Tile
			BaseTexture="ART:Terrain/TCliff_RedZone03.tga"
			NormalTexture="ART:Terrain/TCliff_RedZone03_nrm.tga"
			TextureID="1091707717"/>
		<Tile
			BaseTexture="ART:Terrain/TDirt_RedZone18.tga"
			NormalTexture="ART:Terrain/TDirt_RedZone18_nrm.tga"
			TextureID="1104989322"/>
		<Tile
			BaseTexture="ART:Terrain/TPave_Plaza01.tga"
			NormalTexture="ART:Terrain/TPave_Plaza01_nrm.tga"
			TextureID="1271898625"/>
		<Tile
			BaseTexture="ART:Terrain/TClif_NCarolina01.tga"
			NormalTexture="ART:Terrain/TClif_NCarolina01_nrm.tga"
			TextureID="1794620902"/>
		<Tile
			BaseTexture="ART:Terrain/TGras_NCarolina01.tga"
			NormalTexture="ART:Terrain/TGras_NCarolina01_nrm.tga"
			TextureID="2556719060"/>
		<Tile
			BaseTexture="ART:Terrain/TGrass_China03.tga"
			NormalTexture="ART:Terrain/TGrass_China03_nrm.tga"
			TextureID="2832134448"/>
		<Tile
			BaseTexture="ART:Terrain/TGrass_China04.tga"
			NormalTexture="ART:Terrain/TGrass_China04_nrm.tga"
			TextureID="4184741687"/>
	</TerrainTextureAtlas>
	<GameScriptList
		id="_neutral_">
		<ScriptSet>
			<Script
				id="no tib ref">
				<Action
					Type="ALLOW_DISALLOW_ONE_BUILDING">
					<ParameterList>
						<ObjectType
							Object="AlienSporePod"/>
					</ParameterList>
				</Action>
				<Action
					Type="ALLOW_DISALLOW_ONE_BUILDING">
					<ParameterList>
						<ObjectType
							Object="Traveler59SporePod"/>
					</ParameterList>
				</Action>
				<Action
					Type="ALLOW_DISALLOW_ONE_BUILDING">
					<ParameterList>
						<ObjectType
							Object="Reaper17GrowthStimulator"/>
					</ParameterList>
				</Action>
				<Action
					Type="ALLOW_DISALLOW_ONE_BUILDING">
					<ParameterList>
						<ObjectType
							Object="AlienTiberiumTower"/>
					</ParameterList>
				</Action>
				<Action
					Type="ALLOW_DISALLOW_ONE_BUILDING">
					<ParameterList>
						<ObjectType
							Object="BlackHandRefinery"/>
					</ParameterList>
				</Action>
				<Action
					Type="ALLOW_DISALLOW_ONE_BUILDING">
					<ParameterList>
						<ObjectType
							Object="GDIRefinery"/>
					</ParameterList>
				</Action>
				<Action
					Type="ALLOW_DISALLOW_ONE_BUILDING">
					<ParameterList>
						<ObjectType
							Object="MarkedOfKaneRefinery"/>
					</ParameterList>
				</Action>
				<Action
					Type="ALLOW_DISALLOW_ONE_BUILDING">
					<ParameterList>
						<ObjectType
							Object="NODRefinery"/>
					</ParameterList>
				</Action>
				<Action
					Type="ALLOW_DISALLOW_ONE_BUILDING">
					<ParameterList>
						<ObjectType
							Object="Reaper17TiberiumTower"/>
					</ParameterList>
				</Action>
				<Action
					Type="ALLOW_DISALLOW_ONE_BUILDING">
					<ParameterList>
						<ObjectType
							Object="SteelTalonsRefinery"/>
					</ParameterList>
				</Action>
				<Action
					Type="ALLOW_DISALLOW_ONE_BUILDING">
					<ParameterList>
						<ObjectType
							Object="Traveler59TiberiumTower"/>
					</ParameterList>
				</Action>
				<Action
					Type="ALLOW_DISALLOW_ONE_BUILDING">
					<ParameterList>
						<ObjectType
							Object="ZOCOMRefinery"/>
					</ParameterList>
				</Action>
				<Action
					Type="ALLOW_DISALLOW_ONE_BUILDING">
					<ParameterList>
						<ObjectType
							Object="AlienHarvester"/>
					</ParameterList>
				</Action>
				<Action
					Type="ALLOW_DISALLOW_ONE_BUILDING">
					<ParameterList>
						<ObjectType
							Object="BlackHandHarvester"/>
					</ParameterList>
				</Action>
				<Action
					Type="ALLOW_DISALLOW_ONE_BUILDING">
					<ParameterList>
						<ObjectType
							Object="GDIHarvester"/>
					</ParameterList>
				</Action>
				<Action
					Type="ALLOW_DISALLOW_ONE_BUILDING">
					<ParameterList>
						<ObjectType
							Object="MarkedOfKaneHarvester"/>
					</ParameterList>
				</Action>
				<Action
					Type="ALLOW_DISALLOW_ONE_BUILDING">
					<ParameterList>
						<ObjectType
							Object="NODHarvester"/>
					</ParameterList>
				</Action>
				<Action
					Type="ALLOW_DISALLOW_ONE_BUILDING">
					<ParameterList>
						<ObjectType
							Object="Reaper17Harvester"/>
					</ParameterList>
				</Action>
				<Action
					Type="ALLOW_DISALLOW_ONE_BUILDING">
					<ParameterList>
						<ObjectType
							Object="SteelTalonsHeavyHarvester"/>
					</ParameterList>
				</Action>
				<Action
					Type="ALLOW_DISALLOW_ONE_BUILDING">
					<ParameterList>
						<ObjectType
							Object="Traveler59Harvester"/>
					</ParameterList>
				</Action>
				<Action
					Type="ALLOW_DISALLOW_ONE_BUILDING">
					<ParameterList>
						<ObjectType
							Object="ZOCOMHarvester"/>
					</ParameterList>
				</Action>
			</Script>
			<Script
				id="Bypass intro">
				<Action
					Type="SET_COUNTER_IN_SECONDS">
					<ParameterList/>
				</Action>
				<Action
					Type="SET_COUNTER">
					<ParameterList/>
				</Action>
			</Script>
			<Script
				id="cam1">
				<Action
					Type="SHOW_MILITARY_CAPTION">
					<ParameterList/>
				</Action>
				<Action
					Type="MOVE_CAMERA_TO">
					<ParameterList/>
				</Action>
			</Script>
			<Script
				id="cam2">
				<Action
					Type="SHOW_MILITARY_CAPTION">
					<ParameterList/>
				</Action>
				<Action
					Type="MOVE_CAMERA_TO">
					<ParameterList/>
				</Action>
			</Script>
			<Script
				id="cam3">
				<Action
					Type="SHOW_MILITARY_CAPTION">
					<ParameterList/>
				</Action>
				<Action
					Type="MOVE_CAMERA_TO">
					<ParameterList/>
				</Action>
			</Script>
			<Script
				id="cam4">
				<Action
					Type="SHOW_MILITARY_CAPTION">
					<ParameterList/>
				</Action>
				<Action
					Type="MOVE_CAMERA_TO">
					<ParameterList/>
				</Action>
			</Script>
			<Script
				id="cam5">
				<Action
					Type="SHOW_MILITARY_CAPTION">
					<ParameterList/>
				</Action>
				<Action
					Type="MOVE_CAMERA_TO">
					<ParameterList/>
				</Action>
			</Script>
			<Script
				id="cam6">
				<Action
					Type="SHOW_MILITARY_CAPTION">
					<ParameterList/>
				</Action>
			</Script>
			<Script
				id="HP">
				<Action
					Type="SET_UNIT_HEALTH_PERCENTAGE_TO_COUNTER">
					<ParameterList/>
				</Action>
			</Script>
			<Script
				id="Explorers">
				<Action
					Type="CREATE_UNNAMED_ON_TEAM_AT_WAYPOINT">
					<ParameterList>
						<ObjectType
							Object="AlienExplorer"/>
					</ParameterList>
				</Action>
				<Action
					Type="CREATE_UNNAMED_ON_TEAM_AT_WAYPOINT">
					<ParameterList>
						<ObjectType
							Object="AlienExplorer"/>
					</ParameterList>
				</Action>
				<Action
					Type="CREATE_UNNAMED_ON_TEAM_AT_WAYPOINT">
					<ParameterList>
						<ObjectType
							Object="AlienExplorer"/>
					</ParameterList>
				</Action>
				<Action
					Type="CREATE_UNNAMED_ON_TEAM_AT_WAYPOINT">
					<ParameterList>
						<ObjectType
							Object="AlienExplorer"/>
					</ParameterList>
				</Action>
				<Action
					Type="CREATE_UNNAMED_ON_TEAM_AT_WAYPOINT">
					<ParameterList>
						<ObjectType
							Object="AlienExplorer"/>
					</ParameterList>
				</Action>
				<Action
					Type="CREATE_UNNAMED_ON_TEAM_AT_WAYPOINT">
					<ParameterList>
						<ObjectType
							Object="AlienExplorer"/>
					</ParameterList>
				</Action>
				<Action
					Type="CREATE_UNNAMED_ON_TEAM_AT_WAYPOINT">
					<ParameterList>
						<ObjectType
							Object="AlienExplorer"/>
					</ParameterList>
				</Action>
				<Action
					Type="CREATE_UNNAMED_ON_TEAM_AT_WAYPOINT">
					<ParameterList>
						<ObjectType
							Object="AlienExplorer"/>
					</ParameterList>
				</Action>
				<Action
					Type="CREATE_UNNAMED_ON_TEAM_AT_WAYPOINT">
					<ParameterList>
						<ObjectType
							Object="AlienExplorer"/>
					</ParameterList>
				</Action>
				<Action
					Type="CREATE_UNNAMED_ON_TEAM_AT_WAYPOINT">
					<ParameterList>
						<ObjectType
							Object="AlienExplorer"/>
					</ParameterList>
				</Action>
				<Action
					Type="CREATE_UNNAMED_ON_TEAM_AT_WAYPOINT">
					<ParameterList>
						<ObjectType
							Object="AlienExplorer"/>
					</ParameterList>
				</Action>
				<Action
					Type="CREATE_UNNAMED_ON_TEAM_AT_WAYPOINT">
					<ParameterList>
						<ObjectType
							Object="AlienExplorer"/>
					</ParameterList>
				</Action>
				<Action
					Type="TEAM_USE_COMMANDBUTTON_ABILITY">
					<ParameterList/>
				</Action>
				<Action
					Type="TEAM_USE_COMMANDBUTTON_ABILITY">
					<ParameterList/>
				</Action>
				<Action
					Type="TEAM_USE_COMMANDBUTTON_ABILITY">
					<ParameterList/>
				</Action>
			</Script>
			<Script
				id="Explorers__1">
				<Action
					Type="DISABLE_SCRIPT">
					<ParameterList/>
				</Action>
				<Action
					Type="CREATE_UNNAMED_ON_TEAM_AT_WAYPOINT">
					<ParameterList>
						<ObjectType
							Object="AlienExplorer"/>
					</ParameterList>
				</Action>
				<Action
					Type="CREATE_UNNAMED_ON_TEAM_AT_WAYPOINT">
					<ParameterList>
						<ObjectType
							Object="AlienExplorer"/>
					</ParameterList>
				</Action>
				<Action
					Type="CREATE_UNNAMED_ON_TEAM_AT_WAYPOINT">
					<ParameterList>
						<ObjectType
							Object="AlienExplorer"/>
					</ParameterList>
				</Action>
				<Action
					Type="CREATE_UNNAMED_ON_TEAM_AT_WAYPOINT">
					<ParameterList>
						<ObjectType
							Object="AlienExplorer"/>
					</ParameterList>
				</Action>
				<Action
					Type="CREATE_UNNAMED_ON_TEAM_AT_WAYPOINT">
					<ParameterList>
						<ObjectType
							Object="AlienExplorer"/>
					</ParameterList>
				</Action>
				<Action
					Type="CREATE_UNNAMED_ON_TEAM_AT_WAYPOINT">
					<ParameterList>
						<ObjectType
							Object="AlienExplorer"/>
					</ParameterList>
				</Action>
				<Action
					Type="CREATE_UNNAMED_ON_TEAM_AT_WAYPOINT">
					<ParameterList>
						<ObjectType
							Object="AlienExplorer"/>
					</ParameterList>
				</Action>
				<Action
					Type="CREATE_UNNAMED_ON_TEAM_AT_WAYPOINT">
					<ParameterList>
						<ObjectType
							Object="AlienExplorer"/>
					</ParameterList>
				</Action>
				<Action
					Type="CREATE_UNNAMED_ON_TEAM_AT_WAYPOINT">
					<ParameterList>
						<ObjectType
							Object="AlienExplorer"/>
					</ParameterList>
				</Action>
				<Action
					Type="CREATE_UNNAMED_ON_TEAM_AT_WAYPOINT">
					<ParameterList>
						<ObjectType
							Object="AlienExplorer"/>
					</ParameterList>
				</Action>
				<Action
					Type="CREATE_UNNAMED_ON_TEAM_AT_WAYPOINT">
					<ParameterList>
						<ObjectType
							Object="AlienExplorer"/>
					</ParameterList>
				</Action>
				<Action
					Type="CREATE_UNNAMED_ON_TEAM_AT_WAYPOINT">
					<ParameterList>
						<ObjectType
							Object="AlienExplorer"/>
					</ParameterList>
				</Action>
				<Action
					Type="TEAM_USE_COMMANDBUTTON_ABILITY">
					<ParameterList/>
				</Action>
				<Action
					Type="CREATE_UNNAMED_ON_TEAM_AT_WAYPOINT">
					<ParameterList>
						<ObjectType
							Object="AlienExplorer"/>
					</ParameterList>
				</Action>
				<Action
					Type="CREATE_UNNAMED_ON_TEAM_AT_WAYPOINT">
					<ParameterList>
						<ObjectType
							Object="AlienExplorer"/>
					</ParameterList>
				</Action>
				<Action
					Type="CREATE_UNNAMED_ON_TEAM_AT_WAYPOINT">
					<ParameterList>
						<ObjectType
							Object="AlienExplorer"/>
					</ParameterList>
				</Action>
				<Action
					Type="CREATE_UNNAMED_ON_TEAM_AT_WAYPOINT">
					<ParameterList>
						<ObjectType
							Object="AlienExplorer"/>
					</ParameterList>
				</Action>
				<Action
					Type="CREATE_UNNAMED_ON_TEAM_AT_WAYPOINT">
					<ParameterList>
						<ObjectType
							Object="AlienExplorer"/>
					</ParameterList>
				</Action>
				<Action
					Type="CREATE_UNNAMED_ON_TEAM_AT_WAYPOINT">
					<ParameterList>
						<ObjectType
							Object="AlienExplorer"/>
					</ParameterList>
				</Action>
				<Action
					Type="CREATE_UNNAMED_ON_TEAM_AT_WAYPOINT">
					<ParameterList>
						<ObjectType
							Object="AlienExplorer"/>
					</ParameterList>
				</Action>
				<Action
					Type="CREATE_UNNAMED_ON_TEAM_AT_WAYPOINT">
					<ParameterList>
						<ObjectType
							Object="AlienExplorer"/>
					</ParameterList>
				</Action>
				<Action
					Type="CREATE_UNNAMED_ON_TEAM_AT_WAYPOINT">
					<ParameterList>
						<ObjectType
							Object="AlienExplorer"/>
					</ParameterList>
				</Action>
				<Action
					Type="CREATE_UNNAMED_ON_TEAM_AT_WAYPOINT">
					<ParameterList>
						<ObjectType
							Object="AlienExplorer"/>
					</ParameterList>
				</Action>
				<Action
					Type="CREATE_UNNAMED_ON_TEAM_AT_WAYPOINT">
					<ParameterList>
						<ObjectType
							Object="AlienExplorer"/>
					</ParameterList>
				</Action>
				<Action
					Type="CREATE_UNNAMED_ON_TEAM_AT_WAYPOINT">
					<ParameterList>
						<ObjectType
							Object="AlienExplorer"/>
					</ParameterList>
				</Action>
				<Action
					Type="TEAM_USE_COMMANDBUTTON_ABILITY">
					<ParameterList/>
				</Action>
				<Action
					Type="CREATE_UNNAMED_ON_TEAM_AT_WAYPOINT">
					<ParameterList>
						<ObjectType
							Object="AlienExplorer"/>
					</ParameterList>
				</Action>
				<Action
					Type="CREATE_UNNAMED_ON_TEAM_AT_WAYPOINT">
					<ParameterList>
						<ObjectType
							Object="AlienExplorer"/>
					</ParameterList>
				</Action>
				<Action
					Type="CREATE_UNNAMED_ON_TEAM_AT_WAYPOINT">
					<ParameterList>
						<ObjectType
							Object="AlienExplorer"/>
					</ParameterList>
				</Action>
				<Action
					Type="CREATE_UNNAMED_ON_TEAM_AT_WAYPOINT">
					<ParameterList>
						<ObjectType
							Object="AlienExplorer"/>
					</ParameterList>
				</Action>
				<Action
					Type="CREATE_UNNAMED_ON_TEAM_AT_WAYPOINT">
					<ParameterList>
						<ObjectType
							Object="AlienExplorer"/>
					</ParameterList>
				</Action>
				<Action
					Type="CREATE_UNNAMED_ON_TEAM_AT_WAYPOINT">
					<ParameterList>
						<ObjectType
							Object="AlienExplorer"/>
					</ParameterList>
				</Action>
				<Action
					Type="CREATE_UNNAMED_ON_TEAM_AT_WAYPOINT">
					<ParameterList>
						<ObjectType
							Object="AlienExplorer"/>
					</ParameterList>
				</Action>
				<Action
					Type="CREATE_UNNAMED_ON_TEAM_AT_WAYPOINT">
					<ParameterList>
						<ObjectType
							Object="AlienExplorer"/>
					</ParameterList>
				</Action>
				<Action
					Type="CREATE_UNNAMED_ON_TEAM_AT_WAYPOINT">
					<ParameterList>
						<ObjectType
							Object="AlienExplorer"/>
					</ParameterList>
				</Action>
				<Action
					Type="CREATE_UNNAMED_ON_TEAM_AT_WAYPOINT">
					<ParameterList>
						<ObjectType
							Object="AlienExplorer"/>
					</ParameterList>
				</Action>
				<Action
					Type="CREATE_UNNAMED_ON_TEAM_AT_WAYPOINT">
					<ParameterList>
						<ObjectType
							Object="AlienExplorer"/>
					</ParameterList>
				</Action>
				<Action
					Type="CREATE_UNNAMED_ON_TEAM_AT_WAYPOINT">
					<ParameterList>
						<ObjectType
							Object="AlienExplorer"/>
					</ParameterList>
				</Action>
				<Action
					Type="TEAM_USE_COMMANDBUTTON_ABILITY">
					<ParameterList/>
				</Action>
			</Script>
			<Script
				id="Nobuild sw">
				<Action
					Type="TECHTREE_MODIFY_BUILDABILITY_OBJECT">
					<ParameterList>
						<ObjectType
							Object="NODRocketBunker"/>
					</ParameterList>
				</Action>
				<Action
					Type="TECHTREE_MODIFY_BUILDABILITY_OBJECT">
					<ParameterList>
						<ObjectType
							Object="MarkedOfKaneRocketBunker"/>
					</ParameterList>
				</Action>
				<Action
					Type="TECHTREE_MODIFY_BUILDABILITY_OBJECT">
					<ParameterList>
						<ObjectType
							Object="BlackHandRocketBunker"/>
					</ParameterList>
				</Action>
				<Action
					Type="TECHTREE_MODIFY_BUILDABILITY_OBJECT">
					<ParameterList>
						<ObjectType
							Object="AlienRiftGenerator"/>
					</ParameterList>
				</Action>
				<Action
					Type="TECHTREE_MODIFY_BUILDABILITY_OBJECT">
					<ParameterList>
						<ObjectType
							Object="BlackHandTempleOfNOD"/>
					</ParameterList>
				</Action>
				<Action
					Type="TECHTREE_MODIFY_BUILDABILITY_OBJECT">
					<ParameterList>
						<ObjectType
							Object="GDIIonCannonControl"/>
					</ParameterList>
				</Action>
				<Action
					Type="TECHTREE_MODIFY_BUILDABILITY_OBJECT">
					<ParameterList>
						<ObjectType
							Object="MarkedOfKaneTempleOfNOD"/>
					</ParameterList>
				</Action>
				<Action
					Type="TECHTREE_MODIFY_BUILDABILITY_OBJECT">
					<ParameterList>
						<ObjectType
							Object="NODTempleOfNOD"/>
					</ParameterList>
				</Action>
				<Action
					Type="TECHTREE_MODIFY_BUILDABILITY_OBJECT">
					<ParameterList>
						<ObjectType
							Object="Reaper17RiftGenerator"/>
					</ParameterList>
				</Action>
				<Action
					Type="TECHTREE_MODIFY_BUILDABILITY_OBJECT">
					<ParameterList>
						<ObjectType
							Object="SteelTalonsIonCannonControl"/>
					</ParameterList>
				</Action>
				<Action
					Type="TECHTREE_MODIFY_BUILDABILITY_OBJECT">
					<ParameterList>
						<ObjectType
							Object="Traveler59RiftGenerator"/>
					</ParameterList>
				</Action>
				<Action
					Type="TECHTREE_MODIFY_BUILDABILITY_OBJECT">
					<ParameterList>
						<ObjectType
							Object="ZOCOMIonCannonControl"/>
					</ParameterList>
				</Action>
				<Action
					Type="ALLOW_DISALLOW_ONE_BUILDING">
					<ParameterList>
						<ObjectType
							Object="NODDisruptionTower"/>
					</ParameterList>
				</Action>
				<Action
					Type="ALLOW_DISALLOW_ONE_BUILDING">
					<ParameterList>
						<ObjectType
							Object="MarkedOfKaneDisruptionTower"/>
					</ParameterList>
				</Action>
				<Action
					Type="PLAYER_SPECIAL_POWER_AVAILABILITY">
					<ParameterList/>
				</Action>
				<Action
					Type="PLAYER_SPECIAL_POWER_AVAILABILITY">
					<ParameterList/>
				</Action>
				<Action
					Type="PLAYER_SPECIAL_POWER_AVAILABILITY">
					<ParameterList/>
				</Action>
			</Script>
			<Script
				id="Lose p1-4 win p5">
				<Action
					Type="PLAYER_KILL">
					<ParameterList/>
				</Action>
				<Action
					Type="PLAYER_KILL">
					<ParameterList/>
				</Action>
				<Action
					Type="PLAYER_KILL">
					<ParameterList/>
				</Action>
			</Script>
			<Script
				id="Lose p5 win p1-4">
				<Action
					Type="PLAYER_KILL">
					<ParameterList/>
				</Action>
			</Script>
			<Script
				id="Counter add secs">
				<Action
					Type="INCREMENT_COUNTER">
					<ParameterList/>
				</Action>
				<Action
					Type="ADD_TO_MSEC_TIMER">
					<ParameterList/>
				</Action>
			</Script>
			<Script
				id="General all players">
				<Action
					Type="DISABLE_BORDER_SHROUD">
					<ParameterList/>
				</Action>
				<Action
					Type="SET_COUNTER">
					<ParameterList/>
				</Action>
				<Action
					Type="SET_COUNTER_IN_SECONDS">
					<ParameterList/>
				</Action>
				<Action
					Type="SET_COUNTER_IN_SECONDS">
					<ParameterList/>
				</Action>
				<Action
					Type="SET_MILLISECOND_TIMER">
					<ParameterList/>
				</Action>
				<Action
					Type="DISPLAY_COUNTDOWN_TIMER">
					<ParameterList/>
				</Action>
				<Action
					Type="DISPLAY_COUNTER">
					<ParameterList/>
				</Action>
				<Action
					Type="NAMED_FLASH">
					<ParameterList/>
				</Action>
				<Action
					Type="SET_COUNTER_IN_SECONDS">
					<ParameterList/>
				</Action>
				<Action
					Type="SET_MILLISECOND_TIMER">
					<ParameterList/>
				</Action>
				<Action
					Type="SET_COUNTER_IN_SECONDS">
					<ParameterList/>
				</Action>
				<Action
					Type="SET_MILLISECOND_TIMER">
					<ParameterList/>
				</Action>
				<Action
					Type="SET_COUNTER_IN_SECONDS">
					<ParameterList/>
				</Action>
				<Action
					Type="SET_MILLISECOND_TIMER">
					<ParameterList/>
				</Action>
				<Action
					Type="DISPLAY_COUNTDOWN_TIMER">
					<ParameterList/>
				</Action>
				<Action
					Type="DISPLAY_COUNTDOWN_TIMER">
					<ParameterList/>
				</Action>
				<Action
					Type="DISPLAY_COUNTDOWN_TIMER">
					<ParameterList/>
				</Action>
				<Action
					Type="PLAYER_SET_BASE_POWER">
					<ParameterList/>
				</Action>
				<Action
					Type="PLAYER_SET_BASE_POWER">
					<ParameterList/>
				</Action>
				<Action
					Type="PLAYER_SET_BASE_POWER">
					<ParameterList/>
				</Action>
				<Action
					Type="PLAYER_SET_MONEY">
					<ParameterList/>
				</Action>
				<Action
					Type="PLAYER_SET_MONEY">
					<ParameterList/>
				</Action>
				<Action
					Type="PLAYER_SET_MONEY">
					<ParameterList/>
				</Action>
				<Action
					Type="SET_CAMERA_CLIP_DEPTH_MULTIPLIER">
					<ParameterList/>
				</Action>
			</Script>
			<Script
				id="Revealer all players">
				<Action
					Type="MAP_REVEAL_PERMANENTLY_IN_TRIGGER">
					<ParameterList/>
				</Action>
				<Action
					Type="MAP_REVEAL_PERMANENTLY_IN_TRIGGER">
					<ParameterList/>
				</Action>
				<Action
					Type="MAP_REVEAL_PERMANENTLY_IN_TRIGGER">
					<ParameterList/>
				</Action>
				<Action
					Type="MAP_REVEAL_ALL_PERM">
					<ParameterList/>
				</Action>
			</Script>
			<ScriptGroup
				id="Hus eier">
				<Script
					id="Sett stor-hus eier 4">
					<Action
						Type="NAMED_TRANSFER_OWNERSHIP_PLAYER">
						<ParameterList/>
					</Action>
					<Action
						Type="PLAYER_SET_BASE_POWER">
						<ParameterList/>
					</Action>
				</Script>
				<Script
					id="Sett stor-hus eier 3">
					<Action
						Type="NAMED_TRANSFER_OWNERSHIP_PLAYER">
						<ParameterList/>
					</Action>
					<Action
						Type="PLAYER_SET_BASE_POWER">
						<ParameterList/>
					</Action>
				</Script>
				<Script
					id="Sett stor-hus eier 3__1">
					<Action
						Type="NAMED_TRANSFER_OWNERSHIP_PLAYER">
						<ParameterList/>
					</Action>
					<Action
						Type="PLAYER_SET_BASE_POWER">
						<ParameterList/>
					</Action>
				</Script>
				<Script
					id="Sett stor-hus eier 3__2">
					<Action
						Type="NAMED_TRANSFER_OWNERSHIP_PLAYER">
						<ParameterList/>
					</Action>
					<Action
						Type="PLAYER_SET_BASE_POWER">
						<ParameterList/>
					</Action>
				</Script>
			</ScriptGroup>
		</ScriptSet>
	</GameScriptList>
	<GameScriptList
		id="PlyrCivilian">
		<ScriptSet/>
	</GameScriptList>
	<GameScriptList
		id="PlyrCreeps">
		<ScriptSet/>
	</GameScriptList>
	<GameScriptList
		id="Skirmish">
		<ScriptSet/>
	</GameScriptList>
	<GameScriptList
		id="SkirmishNull">
		<ScriptSet/>
	</GameScriptList>
	<GameScriptList
		id="SkirmishObserver">
		<ScriptSet/>
	</GameScriptList>
	<GameScriptList
		id="SkirmishCommentator">
		<ScriptSet/>
	</GameScriptList>
	<GameScriptList
		id="SkirmishCivilian">
		<ScriptSet/>
	</GameScriptList>
	<GameScriptList
		id="SkirmishNeutral">
		<ScriptSet/>
	</GameScriptList>
	<GameScriptList
		id="SkirmishGDI">
		<ScriptSet/>
	</GameScriptList>
	<GameScriptList
		id="SkirmishSteelTalons">
		<ScriptSet/>
	</GameScriptList>
	<GameScriptList
		id="SkirmishZOCOM">
		<ScriptSet/>
	</GameScriptList>
	<GameScriptList
		id="SkirmishNod">
		<ScriptSet/>
	</GameScriptList>
	<GameScriptList
		id="SkirmishBlackHand">
		<ScriptSet/>
	</GameScriptList>
	<GameScriptList
		id="SkirmishMarkedOfKane">
		<ScriptSet/>
	</GameScriptList>
	<GameScriptList
		id="SkirmishAlien">
		<ScriptSet/>
	</GameScriptList>
	<GameScriptList
		id="SkirmishReaper17">
		<ScriptSet/>
	</GameScriptList>
	<GameScriptList
		id="SkirmishTraveler59">
		<ScriptSet/>
	</GameScriptList>
	<GameScriptList
		id="Player_1">
		<ScriptSet>
			<Script
				id="KILLER ENGINNERS">
				<Action
					Type="UNIT_KILL_ALL_IN_AREA">
					<ParameterList/>
				</Action>
			</Script>
			<Script
				id="Kill-areaBOT">
				<Action
					Type="UNIT_KILL_ALL_IN_AREA">
					<ParameterList/>
				</Action>
			</Script>
			<Script
				id="Kill-areaBOT__1MIN">
				<Action
					Type="UNIT_KILL_ALL_IN_AREA">
					<ParameterList/>
				</Action>
			</Script>
			<Script
				id="Friends">
				<Action
					Type="PLAYER_RELATES_PLAYER">
					<ParameterList/>
				</Action>
				<Action
					Type="PLAYER_RELATES_PLAYER">
					<ParameterList/>
				</Action>
			</Script>
			<ScriptGroup
				id="money">
				<Script
					id="Income secs">
					<Action
						Type="PLAYER_GIVE_MONEY">
						<ParameterList/>
					</Action>
				</Script>
				<Script
					id="Count__2">
					<Action
						Type="SET_PLAYER_KILLS_OF_KINDOF_TO_COUNTER">
						<ParameterList/>
					</Action>
				</Script>
				<Script
					id="Getmoney__2">
					<Action
						Type="INCREMENT_COUNTER">
						<ParameterList/>
					</Action>
					<Action
						Type="PLAYER_GIVE_MONEY">
						<ParameterList/>
					</Action>
				</Script>
			</ScriptGroup>
		</ScriptSet>
	</GameScriptList>
	<GameScriptList
		id="Player_2">
		<ScriptSet>
			<Script
				id="Kill-areaBOT__2">
				<Action
					Type="UNIT_KILL_ALL_IN_AREA">
					<ParameterList/>
				</Action>
			</Script>
			<Script
				id="KILLER ENGINNERS__1">
				<Action
					Type="UNIT_KILL_ALL_IN_AREA">
					<ParameterList/>
				</Action>
			</Script>
			<Script
				id="Kill-areaBOT__1">
				<Action
					Type="UNIT_KILL_ALL_IN_AREA">
					<ParameterList/>
				</Action>
			</Script>
			<Script
				id="Friends__1">
				<Action
					Type="PLAYER_RELATES_PLAYER">
					<ParameterList/>
				</Action>
				<Action
					Type="PLAYER_RELATES_PLAYER">
					<ParameterList/>
				</Action>
			</Script>
			<ScriptGroup
				id="money__1">
				<Script
					id="Income secs__1">
					<Action
						Type="PLAYER_GIVE_MONEY">
						<ParameterList/>
					</Action>
				</Script>
				<Script
					id="Count__3">
					<Action
						Type="SET_PLAYER_KILLS_OF_KINDOF_TO_COUNTER">
						<ParameterList/>
					</Action>
				</Script>
				<Script
					id="Getmoney__3">
					<Action
						Type="INCREMENT_COUNTER">
						<ParameterList/>
					</Action>
					<Action
						Type="PLAYER_GIVE_MONEY">
						<ParameterList/>
					</Action>
				</Script>
			</ScriptGroup>
		</ScriptSet>
	</GameScriptList>
	<GameScriptList
		id="Player_3">
		<ScriptSet>
			<Script
				id="Kill-areaBOT__3">
				<Action
					Type="UNIT_KILL_ALL_IN_AREA">
					<ParameterList/>
				</Action>
			</Script>
			<Script
				id="KILLER ENGINNERS__2">
				<Action
					Type="UNIT_KILL_ALL_IN_AREA">
					<ParameterList/>
				</Action>
			</Script>
			<Script
				id="Kill-areaBOT__2">
				<Action
					Type="UNIT_KILL_ALL_IN_AREA">
					<ParameterList/>
				</Action>
			</Script>
			<Script
				id="Friends__2">
				<Action
					Type="PLAYER_RELATES_PLAYER">
					<ParameterList/>
				</Action>
				<Action
					Type="PLAYER_RELATES_PLAYER">
					<ParameterList/>
				</Action>
			</Script>
			<ScriptGroup
				id="money__2">
				<Script
					id="Income secs__2">
					<Action
						Type="PLAYER_GIVE_MONEY">
						<ParameterList/>
					</Action>
				</Script>
				<Script
					id="Count__4">
					<Action
						Type="SET_PLAYER_KILLS_OF_KINDOF_TO_COUNTER">
						<ParameterList/>
					</Action>
				</Script>
				<Script
					id="Getmoney__4">
					<Action
						Type="INCREMENT_COUNTER">
						<ParameterList/>
					</Action>
					<Action
						Type="PLAYER_GIVE_MONEY">
						<ParameterList/>
					</Action>
				</Script>
			</ScriptGroup>
		</ScriptSet>
	</GameScriptList>
	<GameScriptList
		id="Player_4">
		<ScriptSet>
			<Script
				id="Kill-areaTOP">
				<Action
					Type="UNIT_KILL_ALL_IN_AREA">
					<ParameterList/>
				</Action>
			</Script>
			<Script
				id="Nobuildp5">
				<Action
					Type="PLAYER_DISABLE_BASE_CONSTRUCTION">
					<ParameterList/>
				</Action>
				<Action
					Type="ALLOW_DISALLOW_ONE_BUILDING">
					<ParameterList>
						<ObjectType
							Object="AlienBlinkMastermind"/>
					</ParameterList>
				</Action>
				<Action
					Type="ALLOW_DISALLOW_ONE_BUILDING">
					<ParameterList>
						<ObjectType
							Object="GDICommando"/>
					</ParameterList>
				</Action>
				<Action
					Type="ALLOW_DISALLOW_ONE_BUILDING">
					<ParameterList>
						<ObjectType
							Object="NODCommando"/>
					</ParameterList>
				</Action>
				<Action
					Type="ALLOW_DISALLOW_ONE_BUILDING">
					<ParameterList>
						<ObjectType
							Object="AlienMastermind"/>
					</ParameterList>
				</Action>
				<Action
					Type="ALLOW_DISALLOW_ONE_BUILDING">
					<ParameterList>
						<ObjectType
							Object="Traveler59BlinkMastermind"/>
					</ParameterList>
				</Action>
			</Script>
			<Script
				id="Super units">
				<Action
					Type="TEAM_TELEPORT_TO_WAYPOINT">
					<ParameterList/>
				</Action>
				<Action
					Type="TEAM_TRANSFER_TO_PLAYER">
					<ParameterList/>
				</Action>
			</Script>
			<Script
				id="Powerp5 mm">
				<Action
					Type="PLAYER_SET_BASE_POWER">
					<ParameterList/>
				</Action>
				<Action
					Type="PLAYER_SET_MONEY">
					<ParameterList/>
				</Action>
			</Script>
			<Script
				id="DisableButtons">
				<Action
					Type="PLAYER_SPECIAL_POWER_AVAILABILITY">
					<ParameterList/>
				</Action>
				<Action
					Type="PLAYER_SPECIAL_POWER_AVAILABILITY">
					<ParameterList/>
				</Action>
				<Action
					Type="PLAYER_SPECIAL_POWER_AVAILABILITY">
					<ParameterList/>
				</Action>
				<Action
					Type="PLAYER_SPECIAL_POWER_AVAILABILITY">
					<ParameterList/>
				</Action>
				<Action
					Type="PLAYER_SPECIAL_POWER_AVAILABILITY">
					<ParameterList/>
				</Action>
				<Action
					Type="PLAYER_SPECIAL_POWER_AVAILABILITY">
					<ParameterList/>
				</Action>
				<Action
					Type="PLAYER_SPECIAL_POWER_AVAILABILITY">
					<ParameterList/>
				</Action>
				<Action
					Type="PLAYER_SPECIAL_POWER_AVAILABILITY">
					<ParameterList/>
				</Action>
				<Action
					Type="PLAYER_SPECIAL_POWER_AVAILABILITY">
					<ParameterList/>
				</Action>
				<Action
					Type="PLAYER_SPECIAL_POWER_AVAILABILITY">
					<ParameterList/>
				</Action>
				<Action
					Type="PLAYER_SPECIAL_POWER_AVAILABILITY">
					<ParameterList/>
				</Action>
				<Action
					Type="PLAYER_SPECIAL_POWER_AVAILABILITY">
					<ParameterList/>
				</Action>
				<Action
					Type="PLAYER_SPECIAL_POWER_AVAILABILITY">
					<ParameterList/>
				</Action>
				<Action
					Type="PLAYER_SPECIAL_POWER_AVAILABILITY">
					<ParameterList/>
				</Action>
				<Action
					Type="PLAYER_SPECIAL_POWER_AVAILABILITY">
					<ParameterList/>
				</Action>
				<Action
					Type="PLAYER_SPECIAL_POWER_AVAILABILITY">
					<ParameterList/>
				</Action>
				<Action
					Type="PLAYER_SPECIAL_POWER_AVAILABILITY">
					<ParameterList/>
				</Action>
				<Action
					Type="PLAYER_SPECIAL_POWER_AVAILABILITY">
					<ParameterList/>
				</Action>
				<Action
					Type="PLAYER_SPECIAL_POWER_AVAILABILITY">
					<ParameterList/>
				</Action>
				<Action
					Type="PLAYER_SPECIAL_POWER_AVAILABILITY">
					<ParameterList/>
				</Action>
				<Action
					Type="PLAYER_SPECIAL_POWER_AVAILABILITY">
					<ParameterList/>
				</Action>
				<Action
					Type="PLAYER_SPECIAL_POWER_AVAILABILITY">
					<ParameterList/>
				</Action>
				<Action
					Type="PLAYER_SPECIAL_POWER_AVAILABILITY">
					<ParameterList/>
				</Action>
				<Action
					Type="PLAYER_SPECIAL_POWER_AVAILABILITY">
					<ParameterList/>
				</Action>
				<Action
					Type="PLAYER_SPECIAL_POWER_AVAILABILITY">
					<ParameterList/>
				</Action>
				<Action
					Type="PLAYER_SPECIAL_POWER_AVAILABILITY">
					<ParameterList/>
				</Action>
				<Action
					Type="PLAYER_SPECIAL_POWER_AVAILABILITY">
					<ParameterList/>
				</Action>
				<Action
					Type="PLAYER_SPECIAL_POWER_AVAILABILITY">
					<ParameterList/>
				</Action>
				<Action
					Type="PLAYER_SPECIAL_POWER_AVAILABILITY">
					<ParameterList/>
				</Action>
				<Action
					Type="PLAYER_SPECIAL_POWER_AVAILABILITY">
					<ParameterList/>
				</Action>
				<Action
					Type="PLAYER_SPECIAL_POWER_AVAILABILITY">
					<ParameterList/>
				</Action>
				<Action
					Type="PLAYER_SPECIAL_POWER_AVAILABILITY">
					<ParameterList/>
				</Action>
				<Action
					Type="PLAYER_SPECIAL_POWER_AVAILABILITY">
					<ParameterList/>
				</Action>
				<Action
					Type="PLAYER_SPECIAL_POWER_AVAILABILITY">
					<ParameterList/>
				</Action>
				<Action
					Type="PLAYER_SPECIAL_POWER_AVAILABILITY">
					<ParameterList/>
				</Action>
				<Action
					Type="PLAYER_SPECIAL_POWER_AVAILABILITY">
					<ParameterList/>
				</Action>
				<Action
					Type="PLAYER_SPECIAL_POWER_AVAILABILITY">
					<ParameterList/>
				</Action>
				<Action
					Type="PLAYER_SPECIAL_POWER_AVAILABILITY">
					<ParameterList/>
				</Action>
				<Action
					Type="PLAYER_SPECIAL_POWER_AVAILABILITY">
					<ParameterList/>
				</Action>
				<Action
					Type="PLAYER_SPECIAL_POWER_AVAILABILITY">
					<ParameterList/>
				</Action>
			</Script>
			<Script
				id="DisableButtons__firehawk">
				<Action
					Type="PLAYER_SPECIAL_POWER_AVAILABILITY">
					<ParameterList/>
				</Action>
				<Action
					Type="TEAM_TELEPORT_TO_WAYPOINT">
					<ParameterList/>
				</Action>
				<Action
					Type="CREATE_UNNAMED_ON_TEAM_AT_WAYPOINT">
					<ParameterList>
						<ObjectType
							Object="NODTempleOfNOD"/>
					</ParameterList>
				</Action>
				<Action
					Type="CREATE_UNNAMED_ON_TEAM_AT_WAYPOINT">
					<ParameterList>
						<ObjectType
							Object="GDIIonCannonControl"/>
					</ParameterList>
				</Action>
				<Action
					Type="CREATE_UNNAMED_ON_TEAM_AT_WAYPOINT">
					<ParameterList>
						<ObjectType
							Object="AlienRiftGenerator"/>
					</ParameterList>
				</Action>
				<Action
					Type="PLAYER_SET_SPECIAL_POWER_COUNTDOWN">
					<ParameterList/>
				</Action>
				<Action
					Type="PLAYER_SET_SPECIAL_POWER_COUNTDOWN">
					<ParameterList/>
				</Action>
				<Action
					Type="PLAYER_SET_SPECIAL_POWER_COUNTDOWN">
					<ParameterList/>
				</Action>
				<Action
					Type="ENABLE_SCRIPT">
					<ParameterList/>
				</Action>
			</Script>
			<Script
				id="DisableButtons__commandos">
				<Action
					Type="TEAM_TELEPORT_TO_WAYPOINT">
					<ParameterList/>
				</Action>
				<Action
					Type="ALLOW_DISALLOW_ONE_BUILDING">
					<ParameterList>
						<ObjectType
							Object="AlienBlinkMastermind"/>
					</ParameterList>
				</Action>
				<Action
					Type="ALLOW_DISALLOW_ONE_BUILDING">
					<ParameterList>
						<ObjectType
							Object="GDICommando"/>
					</ParameterList>
				</Action>
				<Action
					Type="ALLOW_DISALLOW_ONE_BUILDING">
					<ParameterList>
						<ObjectType
							Object="NODCommando"/>
					</ParameterList>
				</Action>
				<Action
					Type="ALLOW_DISALLOW_ONE_BUILDING">
					<ParameterList>
						<ObjectType
							Object="AlienMastermind"/>
					</ParameterList>
				</Action>
				<Action
					Type="ALLOW_DISALLOW_ONE_BUILDING">
					<ParameterList>
						<ObjectType
							Object="Traveler59BlinkMastermind"/>
					</ParameterList>
				</Action>
			</Script>
			<Script
				id="DisableButtons__wormhole">
				<Action
					Type="PLAYER_SPECIAL_POWER_AVAILABILITY">
					<ParameterList/>
				</Action>
			</Script>
			<Script
				id="More exp">
				<Action
					Type="TEAM_GIVE_EXPERIENCE_POINTS">
					<ParameterList/>
				</Action>
			</Script>
			<Script
				id="Friends__4">
				<Action
					Type="PLAYER_RELATES_PLAYER">
					<ParameterList/>
				</Action>
				<Action
					Type="PLAYER_RELATES_PLAYER">
					<ParameterList/>
				</Action>
				<Action
					Type="PLAYER_RELATES_PLAYER">
					<ParameterList/>
				</Action>
			</Script>
			<ScriptGroup
				id="Money income2">
				<Script
					id="Money1">
					<Action
						Type="PLAYER_GIVE_MONEY">
						<ParameterList/>
					</Action>
				</Script>
				<Script
					id="Money1__1">
					<Action
						Type="PLAYER_GIVE_MONEY">
						<ParameterList/>
					</Action>
				</Script>
				<Script
					id="Money1__2">
					<Action
						Type="PLAYER_GIVE_MONEY">
						<ParameterList/>
					</Action>
				</Script>
				<Script
					id="Money1__3">
					<Action
						Type="PLAYER_GIVE_MONEY">
						<ParameterList/>
					</Action>
				</Script>
				<Script
					id="Money1__4">
					<Action
						Type="PLAYER_GIVE_MONEY">
						<ParameterList/>
					</Action>
				</Script>
				<Script
					id="Money1__5">
					<Action
						Type="PLAYER_GIVE_MONEY">
						<ParameterList/>
					</Action>
				</Script>
				<Script
					id="Money1__6">
					<Action
						Type="PLAYER_GIVE_MONEY">
						<ParameterList/>
					</Action>
				</Script>
				<Script
					id="Money1__7">
					<Action
						Type="PLAYER_GIVE_MONEY">
						<ParameterList/>
					</Action>
				</Script>
				<Script
					id="Money1__8">
					<Action
						Type="PLAYER_GIVE_MONEY">
						<ParameterList/>
					</Action>
				</Script>
				<Script
					id="Money1__9">
					<Action
						Type="PLAYER_GIVE_MONEY">
						<ParameterList/>
					</Action>
				</Script>
				<Script
					id="Money1__10">
					<Action
						Type="PLAYER_GIVE_MONEY">
						<ParameterList/>
					</Action>
				</Script>
				<Script
					id="Money1__11">
					<Action
						Type="PLAYER_GIVE_MONEY">
						<ParameterList/>
					</Action>
				</Script>
				<Script
					id="Money1__12">
					<Action
						Type="PLAYER_GIVE_MONEY">
						<ParameterList/>
					</Action>
				</Script>
				<Script
					id="Money1__13">
					<Action
						Type="PLAYER_GIVE_MONEY">
						<ParameterList/>
					</Action>
				</Script>
				<Script
					id="Money1__14">
					<Action
						Type="PLAYER_GIVE_MONEY">
						<ParameterList/>
					</Action>
				</Script>
				<Script
					id="Money1__15">
					<Action
						Type="PLAYER_GIVE_MONEY">
						<ParameterList/>
					</Action>
				</Script>
				<Script
					id="Money1__16">
					<Action
						Type="PLAYER_GIVE_MONEY">
						<ParameterList/>
					</Action>
				</Script>
				<Script
					id="Money1__17">
					<Action
						Type="PLAYER_GIVE_MONEY">
						<ParameterList/>
					</Action>
				</Script>
				<Script
					id="Money1__18">
					<Action
						Type="PLAYER_GIVE_MONEY">
						<ParameterList/>
					</Action>
				</Script>
				<Script
					id="Money1__19">
					<Action
						Type="PLAYER_GIVE_MONEY">
						<ParameterList/>
					</Action>
				</Script>
				<Script
					id="Money1__20">
					<Action
						Type="PLAYER_GIVE_MONEY">
						<ParameterList/>
					</Action>
				</Script>
				<Script
					id="Money1__21">
					<Action
						Type="PLAYER_GIVE_MONEY">
						<ParameterList/>
					</Action>
				</Script>
				<Script
					id="Money1__22">
					<Action
						Type="PLAYER_GIVE_MONEY">
						<ParameterList/>
					</Action>
				</Script>
				<Script
					id="Money1__23">
					<Action
						Type="PLAYER_GIVE_MONEY">
						<ParameterList/>
					</Action>
				</Script>
				<Script
					id="Money1__24">
					<Action
						Type="PLAYER_GIVE_MONEY">
						<ParameterList/>
					</Action>
				</Script>
				<Script
					id="Money1__25">
					<Action
						Type="PLAYER_GIVE_MONEY">
						<ParameterList/>
					</Action>
				</Script>
			</ScriptGroup>
			<ScriptGroup
				id="send1">
				<Script
					id="Send units1">
					<Action
						Type="INCREMENT_COUNTER">
						<ParameterList/>
					</Action>
				</Script>
				<Script
					id="Send units1-1">
					<Action
						Type="INCREMENT_COUNTER">
						<ParameterList/>
					</Action>
					<Action
						Type="TEAM_ATTACK_MOVE_FOLLOW_WAYPOINTS">
						<ParameterList/>
					</Action>
				</Script>
			</ScriptGroup>
			<ScriptGroup
				id="send2">
				<Script
					id="Send units1__1">
					<Action
						Type="INCREMENT_COUNTER">
						<ParameterList/>
					</Action>
				</Script>
				<Script
					id="Send units1-1__1">
					<Action
						Type="INCREMENT_COUNTER">
						<ParameterList/>
					</Action>
					<Action
						Type="TEAM_FOLLOW_WAYPOINTS">
						<ParameterList/>
					</Action>
				</Script>
			</ScriptGroup>
			<ScriptGroup
				id="less players">
				<ScriptGroup
					id="3 players">
					<Script
						id="2 players__1 1">
						<Action
							Type="PLAYER_GIVE_MONEY">
							<ParameterList/>
						</Action>
					</Script>
					<Script
						id="2 players__2 1">
						<Action
							Type="PLAYER_GIVE_MONEY">
							<ParameterList/>
						</Action>
					</Script>
					<Script
						id="2 players__3 1">
						<Action
							Type="PLAYER_GIVE_MONEY">
							<ParameterList/>
						</Action>
					</Script>
					<Script
						id="2 players__4">
						<Action
							Type="PLAYER_GIVE_MONEY">
							<ParameterList/>
						</Action>
					</Script>
				</ScriptGroup>
				<ScriptGroup
					id="2 players">
					<Script
						id="2 players">
						<Action
							Type="PLAYER_GIVE_MONEY">
							<ParameterList/>
						</Action>
					</Script>
					<Script
						id="2 players__1">
						<Action
							Type="PLAYER_GIVE_MONEY">
							<ParameterList/>
						</Action>
					</Script>
					<Script
						id="2 players__2">
						<Action
							Type="PLAYER_GIVE_MONEY">
							<ParameterList/>
						</Action>
					</Script>
					<Script
						id="2 players__3">
						<Action
							Type="PLAYER_GIVE_MONEY">
							<ParameterList/>
						</Action>
					</Script>
				</ScriptGroup>
			</ScriptGroup>
		</ScriptSet>
	</GameScriptList>
	<GameScriptList
		id="Player_5">
		<ScriptSet/>
	</GameScriptList>
	<GameScriptList
		id="Player_6">
		<ScriptSet/>
	</GameScriptList>
	<GameScriptList
		id="Player_7">
		<ScriptSet/>
	</GameScriptList>
	<GameScriptList
		id="Player_8">
		<ScriptSet/>
	</GameScriptList>
</AssetDeclaration>