<?xml version="1.0" encoding="UTF-8"?>
<AssetDeclaration
	xmlns="uri:ea.com:eala:asset"
	xmlns:xsi="http://www.w3.org/2001/XMLSchema-instance">
	<Tags/>
	<Includes>
		<Include
			source="DATA:static.xml"
			type="reference"/>
		<Include
			source="DATA:global.xml"
			type="reference"/>
		<Include
			source="ART:DCWashington_vol.xml"
			type="instance"/>
		<Include
			source="ART:EVDefault.xml"
			type="instance"/>
		<Include
			source="ART:TSCloudMed.xml"
			type="instance"/>
		<Include
			source="ART:TSNoiseUrb.xml"
			type="instance"/>
		<Include
			source="DATA:GlobalData/roads.xml"
			type="instance"/>
		<Include
			source="DATA:neutral/props/audioambients.xml"
			type="instance"/>
		<Include
			source="DATA:sounds/musicscript_redzone.xml"
			type="instance"/>
		<Include
			source="overrides.xml"
			type="all"/>
	</Includes>
	<GameMap
		id="erl115survivediev3.1ULTIMATE">
		<Waypoint
			id="Spawner">
			<Position
				x="263.029"
				y="2028.23"
				z="0"/>
		</Waypoint>
		<Waypoint
			id="Player_5_Start">
			<Position
				x="1024.22"
				y="2178.22"
				z="0"/>
		</Waypoint>
		<Waypoint
			id="Player_4_Start">
			<Position
				x="1395.37"
				y="154.633"
				z="0"/>
		</Waypoint>
		<Waypoint
			id="Player_3_Start">
			<Position
				x="1196.05"
				y="153.465"
				z="0"/>
		</Waypoint>
		<Waypoint
			id="Player_2_Start">
			<Position
				x="996.086"
				y="154.111"
				z="0"/>
		</Waypoint>
		<Waypoint
			id="Player_1_Start">
			<Position
				x="785.941"
				y="153.36"
				z="0"/>
		</Waypoint>
		<Structure
			Angle="-0.785398"
			EventList=""
			Faction="Player_5/teamPlayer_5"
			Health="100"
			Team="Player_5"
			ThingTemplate="NODTiberiumLiquidationFacility"
			id="NODTiberiumLiquidationFacility">
			<Position
				x="-156.647"
				y="3501.15"
				z="0"/>
		</Structure>
		<Structure
			Angle="-0.785398"
			EventList=""
			Faction="Player_5/teamPlayer_5"
			Health="100"
			Team="Player_5"
			ThingTemplate="NODSecretShrine"
			id="NODSecretShrine">
			<Position
				x="-272.63"
				y="3496.38"
				z="0"/>
		</Structure>
		<Structure
			Angle="-2.35619"
			EventList=""
			Faction="Player_5/teamPlayer_5"
			Health="100"
			Team="Player_5"
			ThingTemplate="NODTechAssemblyPlant"
			id="NODTechAssemblyPlant">
			<Position
				x="-344.126"
				y="3412.17"
				z="0"/>
		</Structure>
		<Structure
			Angle="-0.785398"
			EventList=""
			Faction="Player_5/teamPlayer_5"
			Health="100"
			Team="Player_5"
			ThingTemplate="NODOperationsCenter"
			id="NODOperationsCenter">
			<Position
				x="-209.078"
				y="3396.28"
				z="0"/>
		</Structure>
		<Structure
			Angle="-0.785398"
			EventList=""
			Faction="Player_5/teamPlayer_5"
			Health="100"
			Team="Player_5"
			ThingTemplate="GDICommandPost"
			id="GDICommandPost">
			<Position
				x="364.488"
				y="3367.96"
				z="0"/>
		</Structure>
		<Structure
			Angle="-0.785398"
			EventList=""
			Faction="Player_5/teamPlayer_5"
			Health="100"
			Team="Player_5"
			ThingTemplate="GDIMedicalBay"
			id="GDIMedicalBay">
			<Position
				x="416.919"
				y="3445.82"
				z="0"/>
		</Structure>
		<Structure
			Angle="-0.785398"
			EventList=""
			Faction="Player_5/teamPlayer_5"
			Health="100"
			Team="Player_5"
			ThingTemplate="GDIArmory"
			id="GDIArmory">
			<Position
				x="337.479"
				y="3487.14"
				z="0"/>
		</Structure>
		<Structure
			Angle="-0.785398"
			EventList=""
			Faction="Player_5/teamPlayer_5"
			Health="100"
			Team="Player_5"
			ThingTemplate="GDISpaceCommandUplink"
			id="GDISpaceCommandUplink">
			<Position
				x="262.805"
				y="3412.46"
				z="0"/>
		</Structure>
		<Structure
			Angle="-2.35619"
			EventList=""
			Faction="Player_5/teamPlayer_5"
			Health="100"
			Team="Player_5"
			ThingTemplate="AlienControlCenter"
			id="AlienControlCenter">
			<Position
				x="111.868"
				y="3423.58"
				z="0"/>
		</Structure>
		<Structure
			Angle="-2.35619"
			EventList=""
			Faction="Player_5/teamPlayer_5"
			Health="100"
			Team="Player_5"
			ThingTemplate="AlienReactor"
			id="AlienReactor">
			<Position
				x="43.5499"
				y="3452.18"
				z="0"/>
		</Structure>
		<Structure
			Angle="-2.35619"
			EventList=""
			Faction="Player_5/teamPlayer_5"
			Health="100"
			Team="Player_5"
			ThingTemplate="AlienStatisChamber"
			id="AlienStatisChamber">
			<Position
				x="70.5596"
				y="3383.85"
				z="0"/>
		</Structure>
		<Structure
			Angle="-1.53065"
			EventList=""
			Faction="PlyrCivilian/House 1"
			Health="4000"
			Team="PlyrCivilian"
			ThingTemplate="MG_NOD_WarmechFacility"
			id="MG_NOD_WarmechFacility">
			<Position
				x="1555.8"
				y="2362.75"
				z="0"/>
		</Structure>
		<Structure
			Angle="-2.35619"
			EventList=""
			Faction="Player_4/teamPlayer_4"
			Health="100"
			Team="Player_4"
			ThingTemplate="AlienTiberiumTower"
			id="AlienTiberiumTower">
			<Position
				x="857.682"
				y="-836.757"
				z="0"/>
		</Structure>
		<Structure
			Angle="-0.785398"
			EventList=""
			Faction="Player_4/teamPlayer_4"
			Health="100"
			Team="Player_4"
			ThingTemplate="ZOCOMRefinery"
			id="ZOCOMRefinery">
			<Position
				x="858.015"
				y="-838.568"
				z="0"/>
		</Structure>
		<Structure
			Angle="-2.35619"
			EventList=""
			Faction="Player_4/teamPlayer_4"
			Health="100"
			Team="Player_4"
			ThingTemplate="Traveler59TiberiumTower"
			id="Traveler59TiberiumTower">
			<Position
				x="862.117"
				y="-838.578"
				z="0"/>
		</Structure>
		<Structure
			Angle="-0.785398"
			EventList=""
			Faction="Player_4/teamPlayer_4"
			Health="100"
			Team="Player_4"
			ThingTemplate="SteelTalonsRefinery"
			id="SteelTalonsRefinery">
			<Position
				x="858.015"
				y="-838.568"
				z="0"/>
		</Structure>
		<Structure
			Angle="-2.35619"
			EventList=""
			Faction="Player_4/teamPlayer_4"
			Health="100"
			Team="Player_4"
			ThingTemplate="Reaper17TiberiumTower"
			id="Reaper17TiberiumTower">
			<Position
				x="858.015"
				y="-838.568"
				z="0"/>
		</Structure>
		<Structure
			Angle="-0.785398"
			EventList=""
			Faction="Player_4/teamPlayer_4"
			Health="100"
			Team="Player_4"
			ThingTemplate="NODRefinery"
			id="NODRefinery">
			<Position
				x="858.015"
				y="-838.568"
				z="0"/>
		</Structure>
		<Structure
			Angle="-0.785398"
			EventList=""
			Faction="Player_4/teamPlayer_4"
			Health="100"
			Team="Player_4"
			ThingTemplate="MarkedOfKaneRefinery"
			id="MarkedOfKaneRefinery">
			<Position
				x="858.015"
				y="-838.568"
				z="0"/>
		</Structure>
		<Structure
			Angle="-0.785398"
			EventList=""
			Faction="Player_4/teamPlayer_4"
			Health="100"
			Team="Player_4"
			ThingTemplate="GDIRefinery"
			id="GDIRefinery">
			<Position
				x="858.015"
				y="-838.568"
				z="0"/>
		</Structure>
		<Structure
			Angle="-0.785398"
			EventList=""
			Faction="Player_4/teamPlayer_4"
			Health="100"
			Team="Player_4"
			ThingTemplate="BlackHandRefinery"
			id="BlackHandRefinery">
			<Position
				x="858.015"
				y="-838.568"
				z="0"/>
		</Structure>
		<Structure
			Angle="-2.35619"
			EventList=""
			Faction="Player_3/teamPlayer_3"
			Health="100"
			Team="Player_3"
			ThingTemplate="AlienTiberiumTower"
			id="AlienTiberiumTower">
			<Position
				x="619.787"
				y="-826.138"
				z="0"/>
		</Structure>
		<Structure
			Angle="-0.785398"
			EventList=""
			Faction="Player_3/teamPlayer_3"
			Health="100"
			Team="Player_3"
			ThingTemplate="ZOCOMRefinery"
			id="ZOCOMRefinery">
			<Position
				x="620.12"
				y="-827.949"
				z="0"/>
		</Structure>
		<Structure
			Angle="-2.35619"
			EventList=""
			Faction="Player_3/teamPlayer_3"
			Health="100"
			Team="Player_3"
			ThingTemplate="Traveler59TiberiumTower"
			id="Traveler59TiberiumTower">
			<Position
				x="624.222"
				y="-827.959"
				z="0"/>
		</Structure>
		<Structure
			Angle="-0.785398"
			EventList=""
			Faction="Player_3/teamPlayer_3"
			Health="100"
			Team="Player_3"
			ThingTemplate="SteelTalonsRefinery"
			id="SteelTalonsRefinery">
			<Position
				x="620.12"
				y="-827.949"
				z="0"/>
		</Structure>
		<Structure
			Angle="-2.35619"
			EventList=""
			Faction="Player_3/teamPlayer_3"
			Health="100"
			Team="Player_3"
			ThingTemplate="Reaper17TiberiumTower"
			id="Reaper17TiberiumTower">
			<Position
				x="620.12"
				y="-827.949"
				z="0"/>
		</Structure>
		<Structure
			Angle="-0.785398"
			EventList=""
			Faction="Player_3/teamPlayer_3"
			Health="100"
			Team="Player_3"
			ThingTemplate="NODRefinery"
			id="NODRefinery">
			<Position
				x="620.12"
				y="-827.949"
				z="0"/>
		</Structure>
		<Structure
			Angle="-0.785398"
			EventList=""
			Faction="Player_3/teamPlayer_3"
			Health="100"
			Team="Player_3"
			ThingTemplate="MarkedOfKaneRefinery"
			id="MarkedOfKaneRefinery">
			<Position
				x="620.12"
				y="-827.949"
				z="0"/>
		</Structure>
		<Structure
			Angle="-0.785398"
			EventList=""
			Faction="Player_3/teamPlayer_3"
			Health="100"
			Team="Player_3"
			ThingTemplate="GDIRefinery"
			id="GDIRefinery">
			<Position
				x="620.12"
				y="-827.949"
				z="0"/>
		</Structure>
		<Structure
			Angle="-0.785398"
			EventList=""
			Faction="Player_3/teamPlayer_3"
			Health="100"
			Team="Player_3"
			ThingTemplate="BlackHandRefinery"
			id="BlackHandRefinery">
			<Position
				x="620.12"
				y="-827.949"
				z="0"/>
		</Structure>
		<Structure
			Angle="-2.35619"
			EventList=""
			Faction="Player_2/teamPlayer_2"
			Health="100"
			Team="Player_2"
			ThingTemplate="AlienTiberiumTower"
			id="AlienTiberiumTower">
			<Position
				x="383.417"
				y="-821.736"
				z="0"/>
		</Structure>
		<Structure
			Angle="-0.785398"
			EventList=""
			Faction="Player_2/teamPlayer_2"
			Health="100"
			Team="Player_2"
			ThingTemplate="ZOCOMRefinery"
			id="ZOCOMRefinery">
			<Position
				x="383.749"
				y="-823.547"
				z="0"/>
		</Structure>
		<Structure
			Angle="-2.35619"
			EventList=""
			Faction="Player_2/teamPlayer_2"
			Health="100"
			Team="Player_2"
			ThingTemplate="Traveler59TiberiumTower"
			id="Traveler59TiberiumTower">
			<Position
				x="387.852"
				y="-823.557"
				z="0"/>
		</Structure>
		<Structure
			Angle="-0.785398"
			EventList=""
			Faction="Player_2/teamPlayer_2"
			Health="100"
			Team="Player_2"
			ThingTemplate="SteelTalonsRefinery"
			id="SteelTalonsRefinery">
			<Position
				x="383.749"
				y="-823.547"
				z="0"/>
		</Structure>
		<Structure
			Angle="-2.35619"
			EventList=""
			Faction="Player_2/teamPlayer_2"
			Health="100"
			Team="Player_2"
			ThingTemplate="Reaper17TiberiumTower"
			id="Reaper17TiberiumTower">
			<Position
				x="383.749"
				y="-823.547"
				z="0"/>
		</Structure>
		<Structure
			Angle="-0.785398"
			EventList=""
			Faction="Player_2/teamPlayer_2"
			Health="100"
			Team="Player_2"
			ThingTemplate="NODRefinery"
			id="NODRefinery">
			<Position
				x="383.749"
				y="-823.547"
				z="0"/>
		</Structure>
		<Structure
			Angle="-0.785398"
			EventList=""
			Faction="Player_2/teamPlayer_2"
			Health="100"
			Team="Player_2"
			ThingTemplate="MarkedOfKaneRefinery"
			id="MarkedOfKaneRefinery">
			<Position
				x="383.749"
				y="-823.547"
				z="0"/>
		</Structure>
		<Structure
			Angle="-0.785398"
			EventList=""
			Faction="Player_2/teamPlayer_2"
			Health="100"
			Team="Player_2"
			ThingTemplate="GDIRefinery"
			id="GDIRefinery">
			<Position
				x="383.749"
				y="-823.547"
				z="0"/>
		</Structure>
		<Structure
			Angle="-0.785398"
			EventList=""
			Faction="Player_2/teamPlayer_2"
			Health="100"
			Team="Player_2"
			ThingTemplate="BlackHandRefinery"
			id="BlackHandRefinery">
			<Position
				x="383.749"
				y="-823.547"
				z="0"/>
		</Structure>
		<Structure
			Angle="-2.35619"
			EventList=""
			Faction="Player_1/teamPlayer_1"
			Health="100"
			Team="Player_1"
			ThingTemplate="AlienTiberiumTower"
			id="AlienTiberiumTower">
			<Position
				x="150.785"
				y="-815.746"
				z="0"/>
		</Structure>
		<Structure
			Angle="-0.785398"
			EventList=""
			Faction="Player_1/teamPlayer_1"
			Health="100"
			Team="Player_1"
			ThingTemplate="ZOCOMRefinery"
			id="ZOCOMRefinery">
			<Position
				x="151.117"
				y="-817.557"
				z="0"/>
		</Structure>
		<Structure
			Angle="-2.35619"
			EventList=""
			Faction="Player_1/teamPlayer_1"
			Health="100"
			Team="Player_1"
			ThingTemplate="Traveler59TiberiumTower"
			id="Traveler59TiberiumTower">
			<Position
				x="155.219"
				y="-817.567"
				z="0"/>
		</Structure>
		<Structure
			Angle="-0.785398"
			EventList=""
			Faction="Player_1/teamPlayer_1"
			Health="100"
			Team="Player_1"
			ThingTemplate="SteelTalonsRefinery"
			id="SteelTalonsRefinery">
			<Position
				x="151.117"
				y="-817.557"
				z="0"/>
		</Structure>
		<Structure
			Angle="-2.35619"
			EventList=""
			Faction="Player_1/teamPlayer_1"
			Health="100"
			Team="Player_1"
			ThingTemplate="Reaper17TiberiumTower"
			id="Reaper17TiberiumTower">
			<Position
				x="151.117"
				y="-817.557"
				z="0"/>
		</Structure>
		<Structure
			Angle="-0.785398"
			EventList=""
			Faction="Player_1/teamPlayer_1"
			Health="100"
			Team="Player_1"
			ThingTemplate="NODRefinery"
			id="NODRefinery">
			<Position
				x="151.117"
				y="-817.557"
				z="0"/>
		</Structure>
		<Structure
			Angle="-0.785398"
			EventList=""
			Faction="Player_1/teamPlayer_1"
			Health="100"
			Team="Player_1"
			ThingTemplate="MarkedOfKaneRefinery"
			id="MarkedOfKaneRefinery">
			<Position
				x="151.117"
				y="-817.557"
				z="0"/>
		</Structure>
		<Structure
			Angle="-0.785398"
			EventList=""
			Faction="Player_1/teamPlayer_1"
			Health="100"
			Team="Player_1"
			ThingTemplate="GDIRefinery"
			id="GDIRefinery">
			<Position
				x="151.117"
				y="-817.557"
				z="0"/>
		</Structure>
		<Structure
			Angle="-0.785398"
			EventList=""
			Faction="Player_1/teamPlayer_1"
			Health="100"
			Team="Player_1"
			ThingTemplate="BlackHandRefinery"
			id="BlackHandRefinery">
			<Position
				x="151.117"
				y="-817.557"
				z="0"/>
		</Structure>
		<Structure
			Angle="-1.5708"
			EventList=""
			Faction="PlyrCivilian/House 1 1"
			Health="4000"
			Team="PlyrCivilian"
			ThingTemplate="ZOCOMAirTower"
			id="ZOCOMAirTower">
			<Position
				x="609.611"
				y="2448.72"
				z="0"/>
		</Structure>
		<Structure
			Angle="-1.35387"
			EventList=""
			Faction="PlyrCivilian/House 1 1"
			Health="4000"
			Team="PlyrCivilian"
			ThingTemplate="MarkedOfKaneHangar"
			id="MarkedOfKaneHangar">
			<Position
				x="445.57"
				y="2430.87"
				z="0"/>
		</Structure>
		<Structure
			Angle="-2.35619"
			EventList=""
			Faction="PlyrCivilian/teamPlyrCivilian"
			Health="1500"
			Team="PlyrCivilian"
			ThingTemplate="NODDisruptionTower"
			id="NODDisruptionTower">
			<Position
				x="1049.74"
				y="1819.92"
				z="-50"/>
		</Structure>
		<Structure
			Angle="-2.35619"
			EventList=""
			Faction="PlyrCivilian/END"
			Health="2500"
			Team="PlyrCivilian"
			ThingTemplate="GDIAABattery"
			id="GDIAABattery">
			<Position
				x="1187.53"
				y="2393.46"
				z="0"/>
		</Structure>
		<Structure
			Angle="-2.35619"
			EventList=""
			Faction="PlyrCivilian/END"
			Health="2500"
			Team="PlyrCivilian"
			ThingTemplate="GDIAABattery"
			id="GDIAABattery">
			<Position
				x="875.57"
				y="2388.33"
				z="0"/>
		</Structure>
		<Structure
			Angle="-1.65224"
			EventList=""
			Faction="PlyrCivilian/House 1"
			Health="4000"
			Team="PlyrCivilian"
			ThingTemplate="AlienGateway"
			id="AlienGateway">
			<Position
				x="1401.79"
				y="2404.98"
				z="0"/>
		</Structure>
		<Structure
			Angle="-1.80106"
			EventList=""
			Faction="PlyrCivilian/House 1"
			Health="4000"
			Team="PlyrCivilian"
			ThingTemplate="AlienPortal"
			id="AlienPortal">
			<Position
				x="1768.95"
				y="2386.61"
				z="0"/>
		</Structure>
		<Structure
			Angle="-1.78484"
			EventList=""
			Faction="PlyrCivilian/House"
			Health="4000"
			Team="PlyrCivilian"
			ThingTemplate="NODDropZone"
			id="NODDropZone">
			<Position
				x="1894.03"
				y="2344.61"
				z="0"/>
		</Structure>
		<Structure
			Angle="-0.785398"
			EventList=""
			Faction="PlyrCivilian/House 1 1"
			Health="1000"
			Team="PlyrCivilian"
			ThingTemplate="NODTempleOfNOD"
			id="NODTempleOfNOD">
			<Position
				x="1071.87"
				y="1761.72"
				z="0"/>
		</Structure>
		<Structure
			Angle="-1.06668"
			EventList=""
			Faction="PlyrCivilian/House"
			Health="4000"
			Team="PlyrCivilian"
			ThingTemplate="GDIWarFactory"
			id="GDIWarFactory">
			<Position
				x="320.544"
				y="2372.47"
				z="0"/>
		</Structure>
		<Structure
			Angle="-2.35619"
			EventList=""
			Faction="PlyrCivilian/teamPlyrCivilian"
			Health="1500"
			Team="PlyrCivilian"
			ThingTemplate="NODDisruptionTower"
			id="NODDisruptionTower">
			<Position
				x="1990.88"
				y="2451.6"
				z="-50"/>
		</Structure>
		<Structure
			Angle="-2.35619"
			EventList=""
			Faction="PlyrCivilian/teamPlyrCivilian"
			Health="1500"
			Team="PlyrCivilian"
			ThingTemplate="NODDisruptionTower"
			id="NODDisruptionTower">
			<Position
				x="1041.84"
				y="2520.81"
				z="-50"/>
		</Structure>
		<Structure
			Angle="-2.35619"
			EventList=""
			Faction="PlyrCivilian/teamPlyrCivilian"
			Health="1500"
			Team="PlyrCivilian"
			ThingTemplate="NODDisruptionTower"
			id="NODDisruptionTower">
			<Position
				x="224.705"
				y="2461.21"
				z="-50"/>
		</Structure>
		<Structure
			Angle="-2.35619"
			EventList=""
			Faction="PlyrCivilian/END"
			Health="1500"
			Team="PlyrCivilian"
			ThingTemplate="NODDisruptionTower"
			id="NODDisruptionTower">
			<Position
				x="1676.57"
				y="2394.79"
				z="0"/>
		</Structure>
		<Structure
			Angle="-2.35619"
			EventList=""
			Faction="PlyrCivilian/END"
			Health="1500"
			Team="PlyrCivilian"
			ThingTemplate="NODDisruptionTower"
			id="NODDisruptionTower">
			<Position
				x="1023.11"
				y="2265.21"
				z="0"/>
		</Structure>
		<Structure
			Angle="-2.35619"
			EventList=""
			Faction="PlyrCivilian/END"
			Health="1500"
			Team="PlyrCivilian"
			ThingTemplate="NODDisruptionTower"
			id="NODDisruptionTower">
			<Position
				x="562.838"
				y="2354.42"
				z="0"/>
		</Structure>
		<Structure
			Angle="-2.35619"
			EventList=""
			Faction="PlyrCivilian/END"
			Health="1500"
			Team="PlyrCivilian"
			ThingTemplate="NODDisruptionTower"
			id="NODDisruptionTower">
			<Position
				x="1050.25"
				y="1828.43"
				z="0"/>
		</Structure>
		<Structure
			Angle="-2.35619"
			EventList=""
			Faction="PlyrCivilian/END"
			Health="1500"
			Team="PlyrCivilian"
			ThingTemplate="NODDisruptionTower"
			id="NODDisruptionTower">
			<Position
				x="1668.29"
				y="1974.34"
				z="0"/>
		</Structure>
		<Structure
			Angle="-2.05909"
			EventList=""
			Faction="PlyrCivilian/Fuckers 1"
			Health="4000"
			Team="PlyrCivilian"
			ThingTemplate="NODHandOfNOD"
			id="NODHandOfNOD">
			<Position
				x="1977.89"
				y="2290.59"
				z="0"/>
		</Structure>
		<Structure
			Angle="-0.785448"
			EventList=""
			Faction="PlyrCivilian/Fuckers 1"
			Health="4000"
			Team="PlyrCivilian"
			ThingTemplate="GDIBarracks"
			id="GDIBarracks">
			<Position
				x="170.798"
				y="2323.71"
				z="0"/>
		</Structure>
		<Structure
			Angle="-2.27597"
			EventList=""
			Faction="PlyrCivilian/END"
			Health="2500"
			Team="PlyrCivilian"
			ThingTemplate="GDIAABattery"
			id="GDIAABattery">
			<Position
				x="2014.03"
				y="2028.7"
				z="0"/>
		</Structure>
		<Structure
			Angle="-2.35619"
			EventList=""
			Faction="PlyrCivilian/END"
			Health="2500"
			Team="PlyrCivilian"
			ThingTemplate="GDIAABattery"
			id="GDIAABattery">
			<Position
				x="1916.91"
				y="1936.01"
				z="0"/>
		</Structure>
		<Structure
			Angle="-2.35619"
			EventList=""
			Faction="PlyrCivilian/END"
			Health="2500"
			Team="PlyrCivilian"
			ThingTemplate="GDIAABattery"
			id="GDIAABattery">
			<Position
				x="1812.04"
				y="1879.38"
				z="0"/>
		</Structure>
		<Structure
			Angle="-2.35619"
			EventList=""
			Faction="PlyrCivilian/END"
			Health="2500"
			Team="PlyrCivilian"
			ThingTemplate="GDIAABattery"
			id="GDIAABattery">
			<Position
				x="1693.22"
				y="1805.45"
				z="0"/>
		</Structure>
		<Structure
			Angle="-2.11023"
			EventList=""
			Faction="PlyrCivilian/END"
			Health="2500"
			Team="PlyrCivilian"
			ThingTemplate="GDIAABattery"
			id="GDIAABattery">
			<Position
				x="1572.2"
				y="1750.18"
				z="0"/>
		</Structure>
		<Structure
			Angle="-2.35619"
			EventList=""
			Faction="PlyrCivilian/END"
			Health="2500"
			Team="PlyrCivilian"
			ThingTemplate="GDIAABattery"
			id="GDIAABattery">
			<Position
				x="1436.19"
				y="1713.24"
				z="0"/>
		</Structure>
		<Structure
			Angle="-2.35619"
			EventList=""
			Faction="PlyrCivilian/END"
			Health="2500"
			Team="PlyrCivilian"
			ThingTemplate="GDIAABattery"
			id="GDIAABattery">
			<Position
				x="1301.28"
				y="1704.19"
				z="0"/>
		</Structure>
		<Structure
			Angle="-2.35619"
			EventList=""
			Faction="PlyrCivilian/END"
			Health="2500"
			Team="PlyrCivilian"
			ThingTemplate="GDIAABattery"
			id="GDIAABattery">
			<Position
				x="878.266"
				y="1700.21"
				z="0"/>
		</Structure>
		<Structure
			Angle="-2.35619"
			EventList=""
			Faction="PlyrCivilian/END"
			Health="2500"
			Team="PlyrCivilian"
			ThingTemplate="GDIAABattery"
			id="GDIAABattery">
			<Position
				x="1149.21"
				y="1705.8"
				z="0"/>
		</Structure>
		<Structure
			Angle="-2.35619"
			EventList=""
			Faction="PlyrCivilian/END"
			Health="2500"
			Team="PlyrCivilian"
			ThingTemplate="GDIAABattery"
			id="GDIAABattery">
			<Position
				x="1009.75"
				y="1701.2"
				z="0"/>
		</Structure>
		<Structure
			Angle="-2.35619"
			EventList=""
			Faction="PlyrCivilian/END"
			Health="2500"
			Team="PlyrCivilian"
			ThingTemplate="GDIAABattery"
			id="GDIAABattery">
			<Position
				x="754.474"
				y="1704.43"
				z="0"/>
		</Structure>
		<Structure
			Angle="-2.35619"
			EventList=""
			Faction="PlyrCivilian/END"
			Health="2500"
			Team="PlyrCivilian"
			ThingTemplate="GDIAABattery"
			id="GDIAABattery">
			<Position
				x="629.614"
				y="1724.79"
				z="0"/>
		</Structure>
		<Structure
			Angle="-2.35619"
			EventList=""
			Faction="PlyrCivilian/END"
			Health="2500"
			Team="PlyrCivilian"
			ThingTemplate="GDIAABattery"
			id="GDIAABattery">
			<Position
				x="502.467"
				y="1754.96"
				z="0"/>
		</Structure>
		<Structure
			Angle="-2.35619"
			EventList=""
			Faction="PlyrCivilian/END"
			Health="2500"
			Team="PlyrCivilian"
			ThingTemplate="GDIAABattery"
			id="GDIAABattery">
			<Position
				x="375.665"
				y="1818.22"
				z="0"/>
		</Structure>
		<Structure
			Angle="-2.35619"
			EventList=""
			Faction="PlyrCivilian/END"
			Health="2500"
			Team="PlyrCivilian"
			ThingTemplate="GDIAABattery"
			id="GDIAABattery">
			<Position
				x="262.599"
				y="1889.87"
				z="0"/>
		</Structure>
		<Structure
			Angle="-2.35619"
			EventList=""
			Faction="PlyrCivilian/END"
			Health="2500"
			Team="PlyrCivilian"
			ThingTemplate="GDIAABattery"
			id="GDIAABattery">
			<Position
				x="173.828"
				y="1977.95"
				z="0"/>
		</Structure>
		<Structure
			Angle="-1.42274"
			EventList=""
			Faction="PlyrCivilian/END"
			Health="2000"
			Team="PlyrCivilian"
			ThingTemplate="GDITerraformingStation"
			id="GDITerraformingStation">
			<Position
				x="1242.76"
				y="2414.58"
				z="0"/>
		</Structure>
		<Structure
			Angle="-1.42274"
			EventList=""
			Faction="PlyrCivilian/END"
			Health="2000"
			Team="PlyrCivilian"
			ThingTemplate="GDITerraformingStation"
			id="GDITerraformingStation">
			<Position
				x="1218.27"
				y="2328.86"
				z="0"/>
		</Structure>
		<Structure
			Angle="-1.42274"
			EventList=""
			Faction="PlyrCivilian/END"
			Health="2000"
			Team="PlyrCivilian"
			ThingTemplate="GDITerraformingStation"
			id="GDITerraformingStation">
			<Position
				x="1154.6"
				y="2277.34"
				z="0"/>
		</Structure>
		<Structure
			Angle="-1.42274"
			EventList=""
			Faction="PlyrCivilian/END"
			Health="2000"
			Team="PlyrCivilian"
			ThingTemplate="GDITerraformingStation"
			id="GDITerraformingStation">
			<Position
				x="1067.67"
				y="2274.89"
				z="0"/>
		</Structure>
		<Structure
			Angle="-1.42274"
			EventList=""
			Faction="PlyrCivilian/END"
			Health="2000"
			Team="PlyrCivilian"
			ThingTemplate="GDITerraformingStation"
			id="GDITerraformingStation">
			<Position
				x="970.95"
				y="2274.89"
				z="0"/>
		</Structure>
		<Structure
			Angle="-1.42274"
			EventList=""
			Faction="PlyrCivilian/END"
			Health="2000"
			Team="PlyrCivilian"
			ThingTemplate="GDITerraformingStation"
			id="GDITerraformingStation">
			<Position
				x="885.244"
				y="2289.59"
				z="0"/>
		</Structure>
		<Structure
			Angle="-1.42274"
			EventList=""
			Faction="PlyrCivilian/END"
			Health="2000"
			Team="PlyrCivilian"
			ThingTemplate="GDITerraformingStation"
			id="GDITerraformingStation">
			<Position
				x="813.007"
				y="2341.11"
				z="0"/>
		</Structure>
		<Structure
			Angle="-2.35619"
			EventList=""
			Faction="PlyrCivilian/END"
			Health="1500"
			Team="PlyrCivilian"
			ThingTemplate="NODDisruptionTower"
			id="NODDisruptionTower">
			<Position
				x="484.177"
				y="1969.77"
				z="0"/>
		</Structure>
		<Structure
			Angle="-2.35619"
			EventList=""
			Faction="PlyrCivilian/END"
			Health="2500"
			Team="PlyrCivilian"
			ThingTemplate="GDIAABattery"
			id="GDIAABattery">
			<Position
				x="1134.3"
				y="2439.17"
				z="0"/>
		</Structure>
		<Structure
			Angle="-2.35619"
			EventList=""
			Faction="PlyrCivilian/END"
			Health="2500"
			Team="PlyrCivilian"
			ThingTemplate="GDIAABattery"
			id="GDIAABattery">
			<Position
				x="1127.7"
				y="2356.92"
				z="0"/>
		</Structure>
		<Structure
			Angle="-2.35619"
			EventList=""
			Faction="PlyrCivilian/END"
			Health="2500"
			Team="PlyrCivilian"
			ThingTemplate="GDIAABattery"
			id="GDIAABattery">
			<Position
				x="1035.21"
				y="2339.99"
				z="0"/>
		</Structure>
		<Structure
			Angle="-2.35619"
			EventList=""
			Faction="PlyrCivilian/END"
			Health="2500"
			Team="PlyrCivilian"
			ThingTemplate="GDIAABattery"
			id="GDIAABattery">
			<Position
				x="950.532"
				y="2354.32"
				z="0"/>
		</Structure>
		<Structure
			Angle="-2.35619"
			EventList=""
			Faction="PlyrCivilian/END"
			Health="2500"
			Team="PlyrCivilian"
			ThingTemplate="GDIAABattery"
			id="GDIAABattery">
			<Position
				x="949.543"
				y="2434.53"
				z="0"/>
		</Structure>
		<Structure
			Angle="-1.5708"
			EventList=""
			Faction="Player_5/teamPlayer_5"
			Health="500"
			Team="Player_5"
			ThingTemplate="GDIConstructionYard"
			id="GDIConstructionYard">
			<Position
				x="1070.12"
				y="3386.39"
				z="0"/>
		</Structure>
		<Structure
			Angle="-1.42274"
			EventList=""
			Faction="PlyrCivilian/END"
			Health="2000"
			Team="PlyrCivilian"
			ThingTemplate="GDITerraformingStation"
			id="GDITerraformingStation">
			<Position
				x="1151.28"
				y="1654.99"
				z="0"/>
		</Structure>
		<Structure
			Angle="-1.42274"
			EventList=""
			Faction="PlyrCivilian/END"
			Health="2000"
			Team="PlyrCivilian"
			ThingTemplate="GDITerraformingStation"
			id="GDITerraformingStation">
			<Position
				x="1012.66"
				y="1652.52"
				z="0"/>
		</Structure>
		<Structure
			Angle="-1.42274"
			EventList=""
			Faction="PlyrCivilian/END"
			Health="2000"
			Team="PlyrCivilian"
			ThingTemplate="GDITerraformingStation"
			id="GDITerraformingStation">
			<Position
				x="870.629"
				y="1649.45"
				z="0"/>
		</Structure>
		<Structure
			Angle="-1.42274"
			EventList=""
			Faction="PlyrCivilian/END"
			Health="2000"
			Team="PlyrCivilian"
			ThingTemplate="GDITerraformingStation"
			id="GDITerraformingStation">
			<Position
				x="743.427"
				y="1660.81"
				z="0"/>
		</Structure>
		<Structure
			Angle="-1.42274"
			EventList=""
			Faction="PlyrCivilian/END"
			Health="2000"
			Team="PlyrCivilian"
			ThingTemplate="GDITerraformingStation"
			id="GDITerraformingStation">
			<Position
				x="608.202"
				y="1675.78"
				z="0"/>
		</Structure>
		<Structure
			Angle="-2.27597"
			EventList=""
			Faction="PlyrCivilian/END"
			Health="2000"
			Team="PlyrCivilian"
			ThingTemplate="GDITerraformingStation"
			id="GDITerraformingStation">
			<Position
				x="2046"
				y="1993.21"
				z="0"/>
		</Structure>
		<Structure
			Angle="-1.31702"
			EventList=""
			Faction="PlyrCivilian/END"
			Health="2000"
			Team="PlyrCivilian"
			ThingTemplate="GDITerraformingStation"
			id="GDITerraformingStation">
			<Position
				x="1947.04"
				y="1899.91"
				z="0"/>
		</Structure>
		<Structure
			Angle="-1.49201"
			EventList=""
			Faction="PlyrCivilian/END"
			Health="2000"
			Team="PlyrCivilian"
			ThingTemplate="GDITerraformingStation"
			id="GDITerraformingStation">
			<Position
				x="1840.19"
				y="1841.24"
				z="0"/>
		</Structure>
		<Structure
			Angle="-1.38747"
			EventList=""
			Faction="PlyrCivilian/END"
			Health="2000"
			Team="PlyrCivilian"
			ThingTemplate="GDITerraformingStation"
			id="GDITerraformingStation">
			<Position
				x="1712.31"
				y="1772.53"
				z="0"/>
		</Structure>
		<Structure
			Angle="-2.11023"
			EventList=""
			Faction="PlyrCivilian/END"
			Health="2000"
			Team="PlyrCivilian"
			ThingTemplate="GDITerraformingStation"
			id="GDITerraformingStation">
			<Position
				x="1579.38"
				y="1713.7"
				z="0"/>
		</Structure>
		<Structure
			Angle="-1.31338"
			EventList=""
			Faction="PlyrCivilian/END"
			Health="2000"
			Team="PlyrCivilian"
			ThingTemplate="GDITerraformingStation"
			id="GDITerraformingStation">
			<Position
				x="1442.75"
				y="1681.23"
				z="0"/>
		</Structure>
		<Structure
			Angle="-1.3454"
			EventList=""
			Faction="PlyrCivilian/END"
			Health="2000"
			Team="PlyrCivilian"
			ThingTemplate="GDITerraformingStation"
			id="GDITerraformingStation">
			<Position
				x="1304.09"
				y="1670.82"
				z="0"/>
		</Structure>
		<Structure
			Angle="-1.42274"
			EventList=""
			Faction="PlyrCivilian/END"
			Health="2000"
			Team="PlyrCivilian"
			ThingTemplate="GDITerraformingStation"
			id="GDITerraformingStation">
			<Position
				x="475.74"
				y="1715.99"
				z="0"/>
		</Structure>
		<Structure
			Angle="-1.36633"
			EventList=""
			Faction="PlyrCivilian/END"
			Health="2000"
			Team="PlyrCivilian"
			ThingTemplate="GDITerraformingStation"
			id="GDITerraformingStation">
			<Position
				x="349.42"
				y="1783.38"
				z="0"/>
		</Structure>
		<Structure
			Angle="-1.58738"
			EventList=""
			Faction="PlyrCivilian/END"
			Health="2000"
			Team="PlyrCivilian"
			ThingTemplate="GDITerraformingStation"
			id="GDITerraformingStation">
			<Position
				x="236.041"
				y="1856.95"
				z="0"/>
		</Structure>
		<Structure
			Angle="-1.47137"
			EventList=""
			Faction="PlyrCivilian/END"
			Health="2000"
			Team="PlyrCivilian"
			ThingTemplate="GDITerraformingStation"
			id="GDITerraformingStation">
			<Position
				x="134.836"
				y="1950.51"
				z="0"/>
		</Structure>
		<Structure
			Angle="-1.5708"
			EventList=""
			Faction="PlyrCivilian/END 1"
			Health="2000"
			Team="PlyrCivilian"
			ThingTemplate="GDIConstructionYard"
			id="GDIConstructionYard">
			<Position
				x="1038.13"
				y="2437.82"
				z="0"/>
		</Structure>
		<Unit
			Angle="0"
			EventList=""
			Faction="PlyrCivilian/ENDLEVEL 1"
			Health="150"
			Team="PlyrCivilian"
			ThingTemplate="SteelTalonsMARV"
			id="SteelTalonsMARV">
			<Position
				x="859.24"
				y="3383.88"
				z="0"/>
		</Unit>
		<Unit
			Angle="0"
			EventList=""
			Faction="PlyrCivilian/ENDLEVEL 1"
			Health="150"
			Team="PlyrCivilian"
			ThingTemplate="Reaper17EradicatorHexapod"
			id="Reaper17EradicatorHexapod">
			<Position
				x="959.724"
				y="3383.37"
				z="0"/>
		</Unit>
		<Unit
			Angle="0"
			EventList=""
			Faction="Player_4/teamPlayer_4"
			Health="300"
			Team="Player_4"
			ThingTemplate="GDISniperSquad_Veteran"
			id="GDISniperSquad_Veteran">
			<Position
				x="1385.64"
				y="310.553"
				z="0"/>
		</Unit>
		<Unit
			Angle="0"
			EventList=""
			Faction="Player_3/teamPlayer_3"
			Health="300"
			Team="Player_3"
			ThingTemplate="GDISniperSquad_Veteran"
			id="GDISniperSquad_Veteran">
			<Position
				x="1188.79"
				y="310.554"
				z="0"/>
		</Unit>
		<Unit
			Angle="0"
			EventList=""
			Faction="Player_2/teamPlayer_2"
			Health="300"
			Team="Player_2"
			ThingTemplate="GDISniperSquad_Veteran"
			id="GDISniperSquad_Veteran">
			<Position
				x="984.235"
				y="313.978"
				z="0"/>
		</Unit>
		<Unit
			Angle="0"
			EventList=""
			Faction="Player_1/teamPlayer_1"
			Health="300"
			Team="Player_1"
			ThingTemplate="GDISniperSquad_Veteran"
			id="GDISniperSquad_Veteran">
			<Position
				x="780.539"
				y="310.585"
				z="0"/>
		</Unit>
		<Unit
			Angle="0"
			EventList=""
			Faction="Player_4/teamPlayer_4"
			Health="100"
			Team="Player_4"
			ThingTemplate="AlienExplorer"
			id="AlienExplorer">
			<Position
				x="1383.99"
				y="330.856"
				z="0"/>
		</Unit>
		<Unit
			Angle="0"
			EventList=""
			Faction="Player_3/teamPlayer_3"
			Health="100"
			Team="Player_3"
			ThingTemplate="AlienExplorer"
			id="AlienExplorer">
			<Position
				x="1188.03"
				y="331.344"
				z="0"/>
		</Unit>
		<Unit
			Angle="0"
			EventList=""
			Faction="Player_2/teamPlayer_2"
			Health="100"
			Team="Player_2"
			ThingTemplate="AlienExplorer"
			id="AlienExplorer">
			<Position
				x="984.67"
				y="330.701"
				z="0"/>
		</Unit>
		<Unit
			Angle="0"
			EventList=""
			Faction="Player_1/teamPlayer_1"
			Health="100"
			Team="Player_1"
			ThingTemplate="AlienExplorer"
			id="AlienExplorer">
			<Position
				x="781.022"
				y="332.28"
				z="0"/>
		</Unit>
		<Audio
			ThingTemplate="Amb_BirdsSeagull2"
			id="Amb_BirdsSeagull2">
			<Position
				x="1916.85"
				y="677.073"
				z="0"/>
		</Audio>
		<Audio
			ThingTemplate="Amb_BirdsSeagull"
			id="Amb_BirdsSeagull">
			<Position
				x="232.798"
				y="637.633"
				z="0"/>
		</Audio>
		<Audio
			ThingTemplate="Amb_SwampRonks"
			id="Amb_SwampRonks">
			<Position
				x="265.154"
				y="246.839"
				z="0"/>
		</Audio>
		<Audio
			ThingTemplate="AmbStream_YellowZone03_Rubble_5point1"
			id="AmbStream_YellowZone03_Rubble_5point1">
			<Position
				x="1044.03"
				y="1321.88"
				z="0"/>
		</Audio>
		<Audio
			ThingTemplate="Amb_WindMountain1"
			id="Amb_WindMountain1">
			<Position
				x="1905.19"
				y="250.318"
				z="0"/>
		</Audio>
		<Audio
			ThingTemplate="Amb_OceanWaves1"
			id="Amb_OceanWaves1">
			<Position
				x="2092.32"
				y="1993.07"
				z="0"/>
		</Audio>
		<Audio
			ThingTemplate="Amb_OceanWaves1"
			id="Amb_OceanWaves1">
			<Position
				x="1472.36"
				y="2289.7"
				z="0"/>
		</Audio>
		<Audio
			ThingTemplate="Amb_OceanWaves1"
			id="Amb_OceanWaves1">
			<Position
				x="418.182"
				y="2317.62"
				z="0"/>
		</Audio>
		<Audio
			ThingTemplate="Amb_OceanWaves1"
			id="Amb_OceanWaves1">
			<Position
				x="189.609"
				y="1926.35"
				z="0"/>
		</Audio>
		<Audio
			ThingTemplate="Amb_Birds2"
			id="Amb_Birds2">
			<Position
				x="1623.02"
				y="1574.24"
				z="0"/>
		</Audio>
		<Audio
			ThingTemplate="Amb_Birds1"
			id="Amb_Birds1">
			<Position
				x="376.379"
				y="1588.92"
				z="0"/>
		</Audio>
		<MapMetaData
			BorderSize="70"
			CRC="0"
			Description="Map:erlNite-survive-die-normal/Desc"
			DisplayName="erlNite - Survive or Die! [Normal]"
			FileName="Data"
			Height="400"
			IsMultiplayer="true"
			IsOfficial="false"
			NumPlayers="5"
			Width="360">
			<StartPosition
				Name="InitialCameraPosition">
				<Position
					x="0"
					y="0"
					z="0"/>
			</StartPosition>
			<StartPosition
				Name="Player_1_Start">
				<Position
					x="785.941"
					y="153.36"
					z="0"/>
			</StartPosition>
			<StartPosition
				Name="Player_2_Start">
				<Position
					x="996.086"
					y="154.111"
					z="0"/>
			</StartPosition>
			<StartPosition
				Name="Player_3_Start">
				<Position
					x="1196.05"
					y="153.465"
					z="0"/>
			</StartPosition>
			<StartPosition
				Name="Player_4_Start">
				<Position
					x="1395.37"
					y="154.633"
					z="0"/>
			</StartPosition>
			<StartPosition
				Name="Player_5_Start">
				<Position
					x="1024.22"
					y="2178.22"
					z="0"/>
			</StartPosition>
		</MapMetaData>
		<EnvironmentData
			Cloud="TSCloudMed"
			Environment="EVDefault"
			Macro="TSNoiseUrb"/>
		<WorldDict>
			<RealProperty
				Key="cameraMinHeight"
				Value="200"/>
			<RealProperty
				Key="cameraMaxHeight"
				Value="480"/>
			<BoolProperty
				Key="isLivingWorldScriptHolder"
				Value="false"/>
			<AssetIdProperty
				Key="musicZone"
				Value="MusicPalette_RedZone"/>
			<IntProperty
				Key="weather"
				Value="0"/>
			<StringProperty
				Key="mapName"
				Value="erlNite - Survive or Die! [Normal]"/>
			<StringProperty
				Key="mapDescription"
				Value="By erl115 - erl115.net https://www.youtube.com/user/erl1151"/>
			<IntProperty
				Key="compression"
				Value="1"/>
			<RealProperty
				Key="cameraGroundMinHeight"
				Value="0"/>
			<RealProperty
				Key="cameraGroundMaxHeight"
				Value="2560"/>
			<BoolProperty
				Key="isScenarioMultiplayer"
				Value="false"/>
		</WorldDict>
		<PostEffect
			Effect="DCWashington_vol"/>
	</GameMap>
	<TerrainTextureAtlas
		AllowLossyCompression="true"
		AtlasSize="2048"
		id="erl115survivediev3.1ULTIMATE">
		<Tile
			BaseTexture="ART:Terrain/TGras_Africa02.tga"
			NormalTexture="ART:Terrain/TGras_Africa02_nrm.tga"
			TextureID="203095568"/>
		<Tile
			BaseTexture="ART:Terrain/TGras_Africa01.tga"
			NormalTexture="ART:Terrain/TGras_Africa01_nrm.tga"
			TextureID="267008530"/>
		<Tile
			BaseTexture="ART:Terrain/TGras_Africa04.tga"
			NormalTexture="ART:Terrain/TGras_Africa04_nrm.tga"
			TextureID="1470890517"/>
		<Tile
			BaseTexture="ART:Terrain/TGras_Africa03.tga"
			NormalTexture="ART:Terrain/TGras_Africa03_nrm.tga"
			TextureID="1910023515"/>
		<Tile
			BaseTexture="ART:Terrain/CnC3DefaultBlack.tga"
			NormalTexture="ART:Terrain/CnC3DefaultBlack_nrm.tga"
			TextureID="2974579486"/>
		<Tile
			BaseTexture="ART:Terrain/TRock_Egypt01.tga"
			NormalTexture="ART:Terrain/TRock_Egypt01_nrm.tga"
			TextureID="3236414997"/>
	</TerrainTextureAtlas>
	<GameScriptList
		id="_neutral_">
		<ScriptSet>
			<ScriptGroup
				id="General">
				<Script
					id="no tib ref">
					<Action
						Type="ALLOW_DISALLOW_ONE_BUILDING">
						<ParameterList>
							<ObjectType
								Object="AlienSporePod"/>
						</ParameterList>
					</Action>
					<Action
						Type="ALLOW_DISALLOW_ONE_BUILDING">
						<ParameterList>
							<ObjectType
								Object="Traveler59SporePod"/>
						</ParameterList>
					</Action>
					<Action
						Type="ALLOW_DISALLOW_ONE_BUILDING">
						<ParameterList>
							<ObjectType
								Object="Reaper17GrowthStimulator"/>
						</ParameterList>
					</Action>
					<Action
						Type="ALLOW_DISALLOW_ONE_BUILDING">
						<ParameterList>
							<ObjectType
								Object="AlienTiberiumTower"/>
						</ParameterList>
					</Action>
					<Action
						Type="ALLOW_DISALLOW_ONE_BUILDING">
						<ParameterList>
							<ObjectType
								Object="BlackHandRefinery"/>
						</ParameterList>
					</Action>
					<Action
						Type="ALLOW_DISALLOW_ONE_BUILDING">
						<ParameterList>
							<ObjectType
								Object="GDIRefinery"/>
						</ParameterList>
					</Action>
					<Action
						Type="ALLOW_DISALLOW_ONE_BUILDING">
						<ParameterList>
							<ObjectType
								Object="MarkedOfKaneRefinery"/>
						</ParameterList>
					</Action>
					<Action
						Type="ALLOW_DISALLOW_ONE_BUILDING">
						<ParameterList>
							<ObjectType
								Object="NODRefinery"/>
						</ParameterList>
					</Action>
					<Action
						Type="ALLOW_DISALLOW_ONE_BUILDING">
						<ParameterList>
							<ObjectType
								Object="Reaper17TiberiumTower"/>
						</ParameterList>
					</Action>
					<Action
						Type="ALLOW_DISALLOW_ONE_BUILDING">
						<ParameterList>
							<ObjectType
								Object="SteelTalonsRefinery"/>
						</ParameterList>
					</Action>
					<Action
						Type="ALLOW_DISALLOW_ONE_BUILDING">
						<ParameterList>
							<ObjectType
								Object="Traveler59TiberiumTower"/>
						</ParameterList>
					</Action>
					<Action
						Type="ALLOW_DISALLOW_ONE_BUILDING">
						<ParameterList>
							<ObjectType
								Object="ZOCOMRefinery"/>
						</ParameterList>
					</Action>
					<Action
						Type="ALLOW_DISALLOW_ONE_BUILDING">
						<ParameterList>
							<ObjectType
								Object="AlienHarvester"/>
						</ParameterList>
					</Action>
					<Action
						Type="ALLOW_DISALLOW_ONE_BUILDING">
						<ParameterList>
							<ObjectType
								Object="BlackHandHarvester"/>
						</ParameterList>
					</Action>
					<Action
						Type="ALLOW_DISALLOW_ONE_BUILDING">
						<ParameterList>
							<ObjectType
								Object="GDIHarvester"/>
						</ParameterList>
					</Action>
					<Action
						Type="ALLOW_DISALLOW_ONE_BUILDING">
						<ParameterList>
							<ObjectType
								Object="MarkedOfKaneHarvester"/>
						</ParameterList>
					</Action>
					<Action
						Type="ALLOW_DISALLOW_ONE_BUILDING">
						<ParameterList>
							<ObjectType
								Object="NODHarvester"/>
						</ParameterList>
					</Action>
					<Action
						Type="ALLOW_DISALLOW_ONE_BUILDING">
						<ParameterList>
							<ObjectType
								Object="Reaper17Harvester"/>
						</ParameterList>
					</Action>
					<Action
						Type="ALLOW_DISALLOW_ONE_BUILDING">
						<ParameterList>
							<ObjectType
								Object="SteelTalonsHeavyHarvester"/>
						</ParameterList>
					</Action>
					<Action
						Type="ALLOW_DISALLOW_ONE_BUILDING">
						<ParameterList>
							<ObjectType
								Object="Traveler59Harvester"/>
						</ParameterList>
					</Action>
					<Action
						Type="ALLOW_DISALLOW_ONE_BUILDING">
						<ParameterList>
							<ObjectType
								Object="ZOCOMHarvester"/>
						</ParameterList>
					</Action>
				</Script>
				<Script
					id="No-Build xxxxxxx">
					<Action
						Type="ALLOW_DISALLOW_ONE_BUILDING">
						<ParameterList>
							<ObjectType
								Object="AlienMothership"/>
						</ParameterList>
					</Action>
					<Action
						Type="ALLOW_DISALLOW_ONE_BUILDING">
						<ParameterList>
							<ObjectType
								Object="Reaper17Mothership"/>
						</ParameterList>
					</Action>
					<Action
						Type="ALLOW_DISALLOW_ONE_BUILDING">
						<ParameterList>
							<ObjectType
								Object="Traveler59Mothership"/>
						</ParameterList>
					</Action>
					<Action
						Type="PLAYER_SPECIAL_POWER_AVAILABILITY">
						<ParameterList/>
					</Action>
					<Action
						Type="PLAYER_SPECIAL_POWER_AVAILABILITY">
						<ParameterList/>
					</Action>
					<Action
						Type="PLAYER_SPECIAL_POWER_AVAILABILITY">
						<ParameterList/>
					</Action>
				</Script>
				<Script
					id="Add secs">
					<Action
						Type="INCREMENT_COUNTER">
						<ParameterList/>
					</Action>
					<Action
						Type="ADD_TO_MSEC_TIMER">
						<ParameterList/>
					</Action>
				</Script>
				<Script
					id="Welcome intro">
					<Action
						Type="SHOW_MILITARY_CAPTION">
						<ParameterList/>
					</Action>
					<Action
						Type="SPEECH_SET_VOLUME">
						<ParameterList/>
					</Action>
				</Script>
				<Script
					id="Start">
					<Action
						Type="SPEECH_SET_VOLUME">
						<ParameterList/>
					</Action>
					<Action
						Type="PLAYER_SET_BASE_POWER">
						<ParameterList/>
					</Action>
					<Action
						Type="MAP_REVEAL_ALL_PERM">
						<ParameterList/>
					</Action>
					<Action
						Type="DISABLE_BORDER_SHROUD">
						<ParameterList/>
					</Action>
					<Action
						Type="PLAYER_GIVE_MONEY">
						<ParameterList/>
					</Action>
				</Script>
			</ScriptGroup>
		</ScriptSet>
	</GameScriptList>
	<GameScriptList
		id="PlyrCivilian">
		<ScriptSet/>
	</GameScriptList>
	<GameScriptList
		id="PlyrCreeps">
		<ScriptSet/>
	</GameScriptList>
	<GameScriptList
		id="Skirmish">
		<ScriptSet/>
	</GameScriptList>
	<GameScriptList
		id="SkirmishNull">
		<ScriptSet/>
	</GameScriptList>
	<GameScriptList
		id="SkirmishObserver">
		<ScriptSet/>
	</GameScriptList>
	<GameScriptList
		id="SkirmishCommentator">
		<ScriptSet/>
	</GameScriptList>
	<GameScriptList
		id="SkirmishCivilian">
		<ScriptSet/>
	</GameScriptList>
	<GameScriptList
		id="SkirmishNeutral">
		<ScriptSet/>
	</GameScriptList>
	<GameScriptList
		id="SkirmishGDI">
		<ScriptSet/>
	</GameScriptList>
	<GameScriptList
		id="SkirmishSteelTalons">
		<ScriptSet/>
	</GameScriptList>
	<GameScriptList
		id="SkirmishZOCOM">
		<ScriptSet/>
	</GameScriptList>
	<GameScriptList
		id="SkirmishNod">
		<ScriptSet/>
	</GameScriptList>
	<GameScriptList
		id="SkirmishBlackHand">
		<ScriptSet/>
	</GameScriptList>
	<GameScriptList
		id="SkirmishMarkedOfKane">
		<ScriptSet/>
	</GameScriptList>
	<GameScriptList
		id="SkirmishAlien">
		<ScriptSet/>
	</GameScriptList>
	<GameScriptList
		id="SkirmishReaper17">
		<ScriptSet/>
	</GameScriptList>
	<GameScriptList
		id="SkirmishTraveler59">
		<ScriptSet/>
	</GameScriptList>
	<GameScriptList
		id="Player_1">
		<ScriptSet>
			<Script
				id="Lose cond">
				<Action
					Type="PLAYER_KILL">
					<ParameterList/>
				</Action>
			</Script>
			<Script
				id="Show kills">
				<Action
					Type="DISPLAY_COUNTER">
					<ParameterList/>
				</Action>
			</Script>
			<ScriptGroup
				id="money">
				<Script
					id="Count__2">
					<Action
						Type="SET_PLAYER_KILLS_OF_KINDOF_TO_COUNTER">
						<ParameterList/>
					</Action>
					<Action
						Type="SET_PLAYER_KILLS_OF_KINDOF_TO_COUNTER">
						<ParameterList/>
					</Action>
				</Script>
				<Script
					id="Total__2">
					<Action
						Type="SET_COUNTER">
						<ParameterList/>
					</Action>
					<Action
						Type="COUNTER_MATH_COUNTER">
						<ParameterList/>
					</Action>
					<Action
						Type="COUNTER_MATH_COUNTER">
						<ParameterList/>
					</Action>
				</Script>
				<Script
					id="Getmoney__2">
					<Action
						Type="INCREMENT_COUNTER">
						<ParameterList/>
					</Action>
					<Action
						Type="PLAYER_GIVE_MONEY">
						<ParameterList/>
					</Action>
					<Action
						Type="PLAYER_GIVE_MONEY">
						<ParameterList/>
					</Action>
				</Script>
			</ScriptGroup>
			<ScriptGroup
				id="kills-bonus">
				<Script
					id="kills bonus">
					<Action
						Type="SHOW_MILITARY_CAPTION">
						<ParameterList/>
					</Action>
					<Action
						Type="PLAYER_GIVE_MONEY">
						<ParameterList/>
					</Action>
				</Script>
				<Script
					id="kills bonus__1">
					<Action
						Type="SHOW_MILITARY_CAPTION">
						<ParameterList/>
					</Action>
					<Action
						Type="PLAYER_GIVE_MONEY">
						<ParameterList/>
					</Action>
				</Script>
				<Script
					id="kills bonus__2">
					<Action
						Type="SHOW_MILITARY_CAPTION">
						<ParameterList/>
					</Action>
					<Action
						Type="PLAYER_GIVE_MONEY">
						<ParameterList/>
					</Action>
					<Action
						Type="GIVE_PLAYER_UPGRADE">
						<ParameterList/>
					</Action>
				</Script>
				<Script
					id="kills bonus__3">
					<Action
						Type="SHOW_MILITARY_CAPTION">
						<ParameterList/>
					</Action>
					<Action
						Type="PLAYER_GIVE_MONEY">
						<ParameterList/>
					</Action>
					<Action
						Type="TEAM_GIVE_EXPERIENCE_POINTS">
						<ParameterList/>
					</Action>
				</Script>
			</ScriptGroup>
		</ScriptSet>
	</GameScriptList>
	<GameScriptList
		id="Player_2">
		<ScriptSet>
			<Script
				id="Lose cond__1">
				<Action
					Type="PLAYER_KILL">
					<ParameterList/>
				</Action>
			</Script>
			<Script
				id="Show kills__1">
				<Action
					Type="DISPLAY_COUNTER">
					<ParameterList/>
				</Action>
			</Script>
			<ScriptGroup
				id="money__1">
				<Script
					id="Count__3">
					<Action
						Type="SET_PLAYER_KILLS_OF_KINDOF_TO_COUNTER">
						<ParameterList/>
					</Action>
					<Action
						Type="SET_PLAYER_KILLS_OF_KINDOF_TO_COUNTER">
						<ParameterList/>
					</Action>
				</Script>
				<Script
					id="Total__3">
					<Action
						Type="SET_COUNTER">
						<ParameterList/>
					</Action>
					<Action
						Type="COUNTER_MATH_COUNTER">
						<ParameterList/>
					</Action>
					<Action
						Type="COUNTER_MATH_COUNTER">
						<ParameterList/>
					</Action>
				</Script>
				<Script
					id="Getmoney__3">
					<Action
						Type="INCREMENT_COUNTER">
						<ParameterList/>
					</Action>
					<Action
						Type="PLAYER_GIVE_MONEY">
						<ParameterList/>
					</Action>
					<Action
						Type="PLAYER_GIVE_MONEY">
						<ParameterList/>
					</Action>
				</Script>
			</ScriptGroup>
			<ScriptGroup
				id="kills-bonus__1">
				<Script
					id="kills bonus__1 1">
					<Action
						Type="SHOW_MILITARY_CAPTION">
						<ParameterList/>
					</Action>
					<Action
						Type="PLAYER_GIVE_MONEY">
						<ParameterList/>
					</Action>
				</Script>
				<Script
					id="kills bonus__2 1">
					<Action
						Type="SHOW_MILITARY_CAPTION">
						<ParameterList/>
					</Action>
					<Action
						Type="PLAYER_GIVE_MONEY">
						<ParameterList/>
					</Action>
				</Script>
				<Script
					id="kills bonus__3 1">
					<Action
						Type="SHOW_MILITARY_CAPTION">
						<ParameterList/>
					</Action>
					<Action
						Type="PLAYER_GIVE_MONEY">
						<ParameterList/>
					</Action>
					<Action
						Type="GIVE_PLAYER_UPGRADE">
						<ParameterList/>
					</Action>
				</Script>
				<Script
					id="kills bonus__4">
					<Action
						Type="SHOW_MILITARY_CAPTION">
						<ParameterList/>
					</Action>
					<Action
						Type="PLAYER_GIVE_MONEY">
						<ParameterList/>
					</Action>
					<Action
						Type="TEAM_GIVE_EXPERIENCE_POINTS">
						<ParameterList/>
					</Action>
				</Script>
			</ScriptGroup>
		</ScriptSet>
	</GameScriptList>
	<GameScriptList
		id="Player_3">
		<ScriptSet>
			<Script
				id="Lose cond__2">
				<Action
					Type="PLAYER_KILL">
					<ParameterList/>
				</Action>
			</Script>
			<Script
				id="Show kills__2">
				<Action
					Type="DISPLAY_COUNTER">
					<ParameterList/>
				</Action>
			</Script>
			<ScriptGroup
				id="money__2">
				<Script
					id="Count__4">
					<Action
						Type="SET_PLAYER_KILLS_OF_KINDOF_TO_COUNTER">
						<ParameterList/>
					</Action>
					<Action
						Type="SET_PLAYER_KILLS_OF_KINDOF_TO_COUNTER">
						<ParameterList/>
					</Action>
				</Script>
				<Script
					id="Total__4">
					<Action
						Type="SET_COUNTER">
						<ParameterList/>
					</Action>
					<Action
						Type="COUNTER_MATH_COUNTER">
						<ParameterList/>
					</Action>
					<Action
						Type="COUNTER_MATH_COUNTER">
						<ParameterList/>
					</Action>
				</Script>
				<Script
					id="Getmoney__4">
					<Action
						Type="INCREMENT_COUNTER">
						<ParameterList/>
					</Action>
					<Action
						Type="PLAYER_GIVE_MONEY">
						<ParameterList/>
					</Action>
					<Action
						Type="PLAYER_GIVE_MONEY">
						<ParameterList/>
					</Action>
				</Script>
			</ScriptGroup>
			<ScriptGroup
				id="kills-bonus__2">
				<Script
					id="kills bonus__2">
					<Action
						Type="SHOW_MILITARY_CAPTION">
						<ParameterList/>
					</Action>
					<Action
						Type="PLAYER_GIVE_MONEY">
						<ParameterList/>
					</Action>
				</Script>
				<Script
					id="kills bonus__3">
					<Action
						Type="SHOW_MILITARY_CAPTION">
						<ParameterList/>
					</Action>
					<Action
						Type="PLAYER_GIVE_MONEY">
						<ParameterList/>
					</Action>
				</Script>
				<Script
					id="kills bonus__4 1">
					<Action
						Type="SHOW_MILITARY_CAPTION">
						<ParameterList/>
					</Action>
					<Action
						Type="PLAYER_GIVE_MONEY">
						<ParameterList/>
					</Action>
					<Action
						Type="GIVE_PLAYER_UPGRADE">
						<ParameterList/>
					</Action>
				</Script>
				<Script
					id="kills bonus__5">
					<Action
						Type="SHOW_MILITARY_CAPTION">
						<ParameterList/>
					</Action>
					<Action
						Type="PLAYER_GIVE_MONEY">
						<ParameterList/>
					</Action>
					<Action
						Type="TEAM_GIVE_EXPERIENCE_POINTS">
						<ParameterList/>
					</Action>
				</Script>
			</ScriptGroup>
		</ScriptSet>
	</GameScriptList>
	<GameScriptList
		id="Player_4">
		<ScriptSet>
			<Script
				id="Lose cond__3">
				<Action
					Type="PLAYER_KILL">
					<ParameterList/>
				</Action>
			</Script>
			<Script
				id="Show kills__3">
				<Action
					Type="DISPLAY_COUNTER">
					<ParameterList/>
				</Action>
			</Script>
			<ScriptGroup
				id="money__3">
				<Script
					id="Count__5">
					<Action
						Type="SET_PLAYER_KILLS_OF_KINDOF_TO_COUNTER">
						<ParameterList/>
					</Action>
					<Action
						Type="SET_PLAYER_KILLS_OF_KINDOF_TO_COUNTER">
						<ParameterList/>
					</Action>
				</Script>
				<Script
					id="Total__5">
					<Action
						Type="SET_COUNTER">
						<ParameterList/>
					</Action>
					<Action
						Type="COUNTER_MATH_COUNTER">
						<ParameterList/>
					</Action>
					<Action
						Type="COUNTER_MATH_COUNTER">
						<ParameterList/>
					</Action>
				</Script>
				<Script
					id="Getmoney__5">
					<Action
						Type="INCREMENT_COUNTER">
						<ParameterList/>
					</Action>
					<Action
						Type="PLAYER_GIVE_MONEY">
						<ParameterList/>
					</Action>
					<Action
						Type="PLAYER_GIVE_MONEY">
						<ParameterList/>
					</Action>
				</Script>
			</ScriptGroup>
			<ScriptGroup
				id="kills-bonus__3">
				<Script
					id="kills bonus__3 1">
					<Action
						Type="SHOW_MILITARY_CAPTION">
						<ParameterList/>
					</Action>
					<Action
						Type="PLAYER_GIVE_MONEY">
						<ParameterList/>
					</Action>
				</Script>
				<Script
					id="kills bonus__4">
					<Action
						Type="SHOW_MILITARY_CAPTION">
						<ParameterList/>
					</Action>
					<Action
						Type="PLAYER_GIVE_MONEY">
						<ParameterList/>
					</Action>
				</Script>
				<Script
					id="kills bonus__5 1">
					<Action
						Type="SHOW_MILITARY_CAPTION">
						<ParameterList/>
					</Action>
					<Action
						Type="PLAYER_GIVE_MONEY">
						<ParameterList/>
					</Action>
					<Action
						Type="GIVE_PLAYER_UPGRADE">
						<ParameterList/>
					</Action>
				</Script>
				<Script
					id="kills bonus__6">
					<Action
						Type="SHOW_MILITARY_CAPTION">
						<ParameterList/>
					</Action>
					<Action
						Type="PLAYER_GIVE_MONEY">
						<ParameterList/>
					</Action>
					<Action
						Type="TEAM_GIVE_EXPERIENCE_POINTS">
						<ParameterList/>
					</Action>
				</Script>
			</ScriptGroup>
		</ScriptSet>
	</GameScriptList>
	<GameScriptList
		id="Player_5">
		<ScriptSet>
			<Script
				id="Nobuild commandos">
				<Action
					Type="ALLOW_DISALLOW_ONE_BUILDING">
					<ParameterList>
						<ObjectType
							Object="AlienMastermind"/>
					</ParameterList>
				</Action>
				<Action
					Type="ALLOW_DISALLOW_ONE_BUILDING">
					<ParameterList>
						<ObjectType
							Object="Traveler59BlinkMastermind"/>
					</ParameterList>
				</Action>
				<Action
					Type="ALLOW_DISALLOW_ONE_BUILDING">
					<ParameterList>
						<ObjectType
							Object="GDICommando"/>
					</ParameterList>
				</Action>
				<Action
					Type="ALLOW_DISALLOW_ONE_BUILDING">
					<ParameterList>
						<ObjectType
							Object="ZOCOMCommando"/>
					</ParameterList>
				</Action>
				<Action
					Type="ALLOW_DISALLOW_ONE_BUILDING">
					<ParameterList>
						<ObjectType
							Object="NODCommando"/>
					</ParameterList>
				</Action>
				<Action
					Type="ALLOW_DISALLOW_ONE_BUILDING">
					<ParameterList>
						<ObjectType
							Object="MarkedOfKaneCommando"/>
					</ParameterList>
				</Action>
				<Action
					Type="ALLOW_DISALLOW_ONE_BUILDING">
					<ParameterList>
						<ObjectType
							Object="BlackHandCommando"/>
					</ParameterList>
				</Action>
			</Script>
			<Script
				id="No SW">
				<Action
					Type="ALLOW_DISALLOW_ONE_BUILDING">
					<ParameterList>
						<ObjectType
							Object="AlienRiftGenerator"/>
					</ParameterList>
				</Action>
				<Action
					Type="ALLOW_DISALLOW_ONE_BUILDING">
					<ParameterList>
						<ObjectType
							Object="BlackHandTempleOfNOD"/>
					</ParameterList>
				</Action>
				<Action
					Type="ALLOW_DISALLOW_ONE_BUILDING">
					<ParameterList>
						<ObjectType
							Object="GDIIonCannonControl"/>
					</ParameterList>
				</Action>
				<Action
					Type="ALLOW_DISALLOW_ONE_BUILDING">
					<ParameterList>
						<ObjectType
							Object="MarkedOfKaneTempleOfNOD"/>
					</ParameterList>
				</Action>
				<Action
					Type="ALLOW_DISALLOW_ONE_BUILDING">
					<ParameterList>
						<ObjectType
							Object="NODTempleOfNOD"/>
					</ParameterList>
				</Action>
				<Action
					Type="ALLOW_DISALLOW_ONE_BUILDING">
					<ParameterList>
						<ObjectType
							Object="Reaper17RiftGenerator"/>
					</ParameterList>
				</Action>
				<Action
					Type="ALLOW_DISALLOW_ONE_BUILDING">
					<ParameterList>
						<ObjectType
							Object="SteelTalonsIonCannonControl"/>
					</ParameterList>
				</Action>
				<Action
					Type="ALLOW_DISALLOW_ONE_BUILDING">
					<ParameterList>
						<ObjectType
							Object="Traveler59RiftGenerator"/>
					</ParameterList>
				</Action>
				<Action
					Type="ALLOW_DISALLOW_ONE_BUILDING">
					<ParameterList>
						<ObjectType
							Object="ZOCOMIonCannonControl"/>
					</ParameterList>
				</Action>
			</Script>
			<Script
				id="no crane">
				<Action
					Type="ALLOW_DISALLOW_ONE_BUILDING">
					<ParameterList>
						<ObjectType
							Object="AlienFoundry"/>
					</ParameterList>
				</Action>
				<Action
					Type="ALLOW_DISALLOW_ONE_BUILDING">
					<ParameterList>
						<ObjectType
							Object="BlackHandCrane"/>
					</ParameterList>
				</Action>
				<Action
					Type="ALLOW_DISALLOW_ONE_BUILDING">
					<ParameterList>
						<ObjectType
							Object="GDICrane"/>
					</ParameterList>
				</Action>
				<Action
					Type="ALLOW_DISALLOW_ONE_BUILDING">
					<ParameterList>
						<ObjectType
							Object="MarkedOfKaneCrane"/>
					</ParameterList>
				</Action>
				<Action
					Type="ALLOW_DISALLOW_ONE_BUILDING">
					<ParameterList>
						<ObjectType
							Object="NODCrane"/>
					</ParameterList>
				</Action>
				<Action
					Type="ALLOW_DISALLOW_ONE_BUILDING">
					<ParameterList>
						<ObjectType
							Object="Reaper17Foundry"/>
					</ParameterList>
				</Action>
				<Action
					Type="ALLOW_DISALLOW_ONE_BUILDING">
					<ParameterList>
						<ObjectType
							Object="SteelTalonsCrane"/>
					</ParameterList>
				</Action>
				<Action
					Type="ALLOW_DISALLOW_ONE_BUILDING">
					<ParameterList>
						<ObjectType
							Object="Traveler59Foundry"/>
					</ParameterList>
				</Action>
				<Action
					Type="ALLOW_DISALLOW_ONE_BUILDING">
					<ParameterList>
						<ObjectType
							Object="ZOCOMCrane"/>
					</ParameterList>
				</Action>
			</Script>
			<Script
				id="no silo, disruption, airsupport">
				<Action
					Type="ALLOW_DISALLOW_ONE_BUILDING">
					<ParameterList>
						<ObjectType
							Object="GDIAirSupport"/>
					</ParameterList>
				</Action>
				<Action
					Type="ALLOW_DISALLOW_ONE_BUILDING">
					<ParameterList>
						<ObjectType
							Object="GDITiberiumSilo"/>
					</ParameterList>
				</Action>
				<Action
					Type="ALLOW_DISALLOW_ONE_BUILDING">
					<ParameterList>
						<ObjectType
							Object="SteelTalonsAirSupport"/>
					</ParameterList>
				</Action>
				<Action
					Type="ALLOW_DISALLOW_ONE_BUILDING">
					<ParameterList>
						<ObjectType
							Object="SteelTalonsTiberiumSilo"/>
					</ParameterList>
				</Action>
				<Action
					Type="ALLOW_DISALLOW_ONE_BUILDING">
					<ParameterList>
						<ObjectType
							Object="ZOCOMAirSupport"/>
					</ParameterList>
				</Action>
				<Action
					Type="ALLOW_DISALLOW_ONE_BUILDING">
					<ParameterList>
						<ObjectType
							Object="ZOCOMTiberiumSilo"/>
					</ParameterList>
				</Action>
				<Action
					Type="ALLOW_DISALLOW_ONE_BUILDING">
					<ParameterList>
						<ObjectType
							Object="BlackHandTiberiumSilo"/>
					</ParameterList>
				</Action>
				<Action
					Type="ALLOW_DISALLOW_ONE_BUILDING">
					<ParameterList>
						<ObjectType
							Object="MarkedOfKaneAirSupport"/>
					</ParameterList>
				</Action>
				<Action
					Type="ALLOW_DISALLOW_ONE_BUILDING">
					<ParameterList>
						<ObjectType
							Object="MarkedOfKaneDisruptionTower"/>
					</ParameterList>
				</Action>
				<Action
					Type="ALLOW_DISALLOW_ONE_BUILDING">
					<ParameterList>
						<ObjectType
							Object="MarkedOfKaneTiberiumSilo"/>
					</ParameterList>
				</Action>
				<Action
					Type="ALLOW_DISALLOW_ONE_BUILDING">
					<ParameterList>
						<ObjectType
							Object="NODAirSupport"/>
					</ParameterList>
				</Action>
				<Action
					Type="ALLOW_DISALLOW_ONE_BUILDING">
					<ParameterList>
						<ObjectType
							Object="NODDisruptionTower"/>
					</ParameterList>
				</Action>
				<Action
					Type="ALLOW_DISALLOW_ONE_BUILDING">
					<ParameterList>
						<ObjectType
							Object="NODTiberiumSilo"/>
					</ParameterList>
				</Action>
			</Script>
			<Script
				id="Local players start gold">
				<Action
					Type="PLAYER_SET_MONEY">
					<ParameterList/>
				</Action>
			</Script>
			<Script
				id="Money local players sec">
				<Action
					Type="PLAYER_GIVE_MONEY">
					<ParameterList/>
				</Action>
			</Script>
			<ScriptGroup
				id="Levels">
				<Script
					id="IF AIR AREA LOL">
					<Action
						Type="CREATE_REINFORCEMENT_TEAM">
						<ParameterList/>
					</Action>
					<Action
						Type="TEAM_TRANSFER_TO_PLAYER">
						<ParameterList/>
					</Action>
				</Script>
				<Script
					id="Start all">
					<Action
						Type="TEAM_AFFECT_OBJECT_PANEL_FLAGS">
						<ParameterList/>
					</Action>
					<Action
						Type="TEAM_TRANSFER_TO_PLAYER">
						<ParameterList/>
					</Action>
				</Script>
				<Script
					id="Level">
					<Action
						Type="CREATE_REINFORCEMENT_TEAM">
						<ParameterList/>
					</Action>
					<Action
						Type="TEAM_TRANSFER_TO_PLAYER">
						<ParameterList/>
					</Action>
					<Action
						Type="SET_RANDOM_COUNTER">
						<ParameterList/>
					</Action>
				</Script>
				<Script
					id="Level__1">
					<Action
						Type="TEAM_AFFECT_OBJECT_PANEL_FLAGS">
						<ParameterList/>
					</Action>
					<Action
						Type="TEAM_TRANSFER_TO_PLAYER">
						<ParameterList/>
					</Action>
					<Action
						Type="SET_RANDOM_COUNTER">
						<ParameterList/>
					</Action>
					<Action
						Type="CREATE_REINFORCEMENT_TEAM">
						<ParameterList/>
					</Action>
					<Action
						Type="TEAM_TRANSFER_TO_PLAYER">
						<ParameterList/>
					</Action>
				</Script>
				<Script
					id="Level__1 1">
					<Action
						Type="CREATE_REINFORCEMENT_TEAM">
						<ParameterList/>
					</Action>
					<Action
						Type="TEAM_TRANSFER_TO_PLAYER">
						<ParameterList/>
					</Action>
					<Action
						Type="SET_RANDOM_COUNTER">
						<ParameterList/>
					</Action>
				</Script>
				<Script
					id="Level__2">
					<Action
						Type="CREATE_REINFORCEMENT_TEAM">
						<ParameterList/>
					</Action>
					<Action
						Type="TEAM_TRANSFER_TO_PLAYER">
						<ParameterList/>
					</Action>
					<Action
						Type="SET_RANDOM_COUNTER">
						<ParameterList/>
					</Action>
				</Script>
				<Script
					id="Level__3">
					<Action
						Type="CREATE_REINFORCEMENT_TEAM">
						<ParameterList/>
					</Action>
					<Action
						Type="TEAM_TRANSFER_TO_PLAYER">
						<ParameterList/>
					</Action>
					<Action
						Type="SET_RANDOM_COUNTER">
						<ParameterList/>
					</Action>
				</Script>
				<Script
					id="Level__4">
					<Action
						Type="CREATE_REINFORCEMENT_TEAM">
						<ParameterList/>
					</Action>
					<Action
						Type="TEAM_TRANSFER_TO_PLAYER">
						<ParameterList/>
					</Action>
					<Action
						Type="SET_RANDOM_COUNTER">
						<ParameterList/>
					</Action>
				</Script>
				<Script
					id="Level__5">
					<Action
						Type="CREATE_REINFORCEMENT_TEAM">
						<ParameterList/>
					</Action>
					<Action
						Type="TEAM_TRANSFER_TO_PLAYER">
						<ParameterList/>
					</Action>
					<Action
						Type="SET_RANDOM_COUNTER">
						<ParameterList/>
					</Action>
					<Action
						Type="TEAM_AFFECT_OBJECT_PANEL_FLAGS">
						<ParameterList/>
					</Action>
					<Action
						Type="TEAM_TRANSFER_TO_PLAYER">
						<ParameterList/>
					</Action>
					<Action
						Type="GIVE_PLAYER_UPGRADE">
						<ParameterList/>
					</Action>
					<Action
						Type="GIVE_PLAYER_UPGRADE">
						<ParameterList/>
					</Action>
					<Action
						Type="GIVE_PLAYER_UPGRADE">
						<ParameterList/>
					</Action>
					<Action
						Type="GIVE_PLAYER_UPGRADE">
						<ParameterList/>
					</Action>
					<Action
						Type="GIVE_PLAYER_UPGRADE">
						<ParameterList/>
					</Action>
					<Action
						Type="GIVE_PLAYER_UPGRADE">
						<ParameterList/>
					</Action>
					<Action
						Type="GIVE_PLAYER_UPGRADE">
						<ParameterList/>
					</Action>
					<Action
						Type="GIVE_PLAYER_UPGRADE">
						<ParameterList/>
					</Action>
					<Action
						Type="GIVE_PLAYER_UPGRADE">
						<ParameterList/>
					</Action>
					<Action
						Type="GIVE_PLAYER_UPGRADE">
						<ParameterList/>
					</Action>
					<Action
						Type="GIVE_PLAYER_UPGRADE">
						<ParameterList/>
					</Action>
					<Action
						Type="GIVE_PLAYER_UPGRADE">
						<ParameterList/>
					</Action>
					<Action
						Type="GIVE_PLAYER_UPGRADE">
						<ParameterList/>
					</Action>
					<Action
						Type="GIVE_PLAYER_UPGRADE">
						<ParameterList/>
					</Action>
					<Action
						Type="GIVE_PLAYER_UPGRADE">
						<ParameterList/>
					</Action>
					<Action
						Type="GIVE_PLAYER_UPGRADE">
						<ParameterList/>
					</Action>
				</Script>
				<Script
					id="Level__6">
					<Action
						Type="CREATE_REINFORCEMENT_TEAM">
						<ParameterList/>
					</Action>
					<Action
						Type="TEAM_TRANSFER_TO_PLAYER">
						<ParameterList/>
					</Action>
					<Action
						Type="PLAYER_GIVE_MONEY">
						<ParameterList/>
					</Action>
					<Action
						Type="SET_RANDOM_COUNTER">
						<ParameterList/>
					</Action>
					<Action
						Type="TEAM_GIVE_EXPERIENCE_POINTS">
						<ParameterList/>
					</Action>
				</Script>
				<Script
					id="Level__7">
					<Action
						Type="CREATE_REINFORCEMENT_TEAM">
						<ParameterList/>
					</Action>
					<Action
						Type="TEAM_TRANSFER_TO_PLAYER">
						<ParameterList/>
					</Action>
					<Action
						Type="SET_RANDOM_COUNTER">
						<ParameterList/>
					</Action>
				</Script>
				<Script
					id="Level__8">
					<Action
						Type="CREATE_REINFORCEMENT_TEAM">
						<ParameterList/>
					</Action>
					<Action
						Type="TEAM_TRANSFER_TO_PLAYER">
						<ParameterList/>
					</Action>
					<Action
						Type="SET_RANDOM_COUNTER">
						<ParameterList/>
					</Action>
					<Action
						Type="TEAM_AFFECT_OBJECT_PANEL_FLAGS">
						<ParameterList/>
					</Action>
					<Action
						Type="TEAM_TRANSFER_TO_PLAYER">
						<ParameterList/>
					</Action>
				</Script>
				<Script
					id="Level__9">
					<Action
						Type="CREATE_REINFORCEMENT_TEAM">
						<ParameterList/>
					</Action>
					<Action
						Type="TEAM_TRANSFER_TO_PLAYER">
						<ParameterList/>
					</Action>
					<Action
						Type="SET_RANDOM_COUNTER">
						<ParameterList/>
					</Action>
				</Script>
				<Script
					id="Level__10">
					<Action
						Type="CREATE_REINFORCEMENT_TEAM">
						<ParameterList/>
					</Action>
					<Action
						Type="TEAM_TRANSFER_TO_PLAYER">
						<ParameterList/>
					</Action>
					<Action
						Type="SET_RANDOM_COUNTER">
						<ParameterList/>
					</Action>
				</Script>
				<Script
					id="Level__11">
					<Action
						Type="CREATE_REINFORCEMENT_TEAM">
						<ParameterList/>
					</Action>
					<Action
						Type="TEAM_TRANSFER_TO_PLAYER">
						<ParameterList/>
					</Action>
					<Action
						Type="SET_RANDOM_COUNTER">
						<ParameterList/>
					</Action>
				</Script>
				<Script
					id="Level__12">
					<Action
						Type="CREATE_REINFORCEMENT_TEAM">
						<ParameterList/>
					</Action>
					<Action
						Type="TEAM_TRANSFER_TO_PLAYER">
						<ParameterList/>
					</Action>
					<Action
						Type="SET_RANDOM_COUNTER">
						<ParameterList/>
					</Action>
					<Action
						Type="TEAM_AFFECT_OBJECT_PANEL_FLAGS">
						<ParameterList/>
					</Action>
					<Action
						Type="TEAM_TRANSFER_TO_PLAYER">
						<ParameterList/>
					</Action>
					<Action
						Type="PLAYER_GIVE_MONEY">
						<ParameterList/>
					</Action>
				</Script>
				<Script
					id="Level__13">
					<Action
						Type="CREATE_REINFORCEMENT_TEAM">
						<ParameterList/>
					</Action>
					<Action
						Type="TEAM_TRANSFER_TO_PLAYER">
						<ParameterList/>
					</Action>
					<Action
						Type="SET_RANDOM_COUNTER">
						<ParameterList/>
					</Action>
					<Action
						Type="GIVE_PLAYER_UPGRADE">
						<ParameterList/>
					</Action>
					<Action
						Type="GIVE_PLAYER_UPGRADE">
						<ParameterList/>
					</Action>
				</Script>
				<Script
					id="Level__14">
					<Action
						Type="CREATE_REINFORCEMENT_TEAM">
						<ParameterList/>
					</Action>
					<Action
						Type="TEAM_TRANSFER_TO_PLAYER">
						<ParameterList/>
					</Action>
					<Action
						Type="SET_RANDOM_COUNTER">
						<ParameterList/>
					</Action>
				</Script>
				<Script
					id="Level__15">
					<Action
						Type="CREATE_REINFORCEMENT_TEAM">
						<ParameterList/>
					</Action>
					<Action
						Type="TEAM_TRANSFER_TO_PLAYER">
						<ParameterList/>
					</Action>
					<Action
						Type="SET_RANDOM_COUNTER">
						<ParameterList/>
					</Action>
					<Action
						Type="PLAYER_GIVE_MONEY">
						<ParameterList/>
					</Action>
				</Script>
				<Script
					id="Level__16">
					<Action
						Type="CREATE_REINFORCEMENT_TEAM">
						<ParameterList/>
					</Action>
					<Action
						Type="TEAM_TRANSFER_TO_PLAYER">
						<ParameterList/>
					</Action>
					<Action
						Type="SET_RANDOM_COUNTER">
						<ParameterList/>
					</Action>
				</Script>
				<Script
					id="Level__17">
					<Action
						Type="CREATE_REINFORCEMENT_TEAM">
						<ParameterList/>
					</Action>
					<Action
						Type="TEAM_TRANSFER_TO_PLAYER">
						<ParameterList/>
					</Action>
					<Action
						Type="SET_RANDOM_COUNTER">
						<ParameterList/>
					</Action>
				</Script>
				<Script
					id="Level__18">
					<Action
						Type="CREATE_REINFORCEMENT_TEAM">
						<ParameterList/>
					</Action>
					<Action
						Type="TEAM_TRANSFER_TO_PLAYER">
						<ParameterList/>
					</Action>
					<Action
						Type="SET_RANDOM_COUNTER">
						<ParameterList/>
					</Action>
				</Script>
				<Script
					id="Level__19">
					<Action
						Type="CREATE_REINFORCEMENT_TEAM">
						<ParameterList/>
					</Action>
					<Action
						Type="TEAM_TRANSFER_TO_PLAYER">
						<ParameterList/>
					</Action>
					<Action
						Type="SET_RANDOM_COUNTER">
						<ParameterList/>
					</Action>
					<Action
						Type="REMOVE_PLAYER_UPGRADE">
						<ParameterList/>
					</Action>
				</Script>
				<Script
					id="Level__20">
					<Action
						Type="CREATE_REINFORCEMENT_TEAM">
						<ParameterList/>
					</Action>
					<Action
						Type="TEAM_TRANSFER_TO_PLAYER">
						<ParameterList/>
					</Action>
					<Action
						Type="SET_RANDOM_COUNTER">
						<ParameterList/>
					</Action>
					<Action
						Type="PLAYER_GIVE_MONEY">
						<ParameterList/>
					</Action>
					<Action
						Type="GIVE_PLAYER_UPGRADE">
						<ParameterList/>
					</Action>
				</Script>
				<Script
					id="Level__21">
					<Action
						Type="CREATE_REINFORCEMENT_TEAM">
						<ParameterList/>
					</Action>
					<Action
						Type="TEAM_TRANSFER_TO_PLAYER">
						<ParameterList/>
					</Action>
					<Action
						Type="SET_RANDOM_COUNTER">
						<ParameterList/>
					</Action>
				</Script>
				<Script
					id="END level">
					<Action
						Type="TEAM_AFFECT_OBJECT_PANEL_FLAGS">
						<ParameterList/>
					</Action>
					<Action
						Type="TEAM_TRANSFER_TO_PLAYER">
						<ParameterList/>
					</Action>
					<Action
						Type="SHOW_MILITARY_CAPTION">
						<ParameterList/>
					</Action>
					<Action
						Type="OBJECT_CREATE_RADAR_EVENT">
						<ParameterList/>
					</Action>
					<Action
						Type="CREATE_REINFORCEMENT_TEAM">
						<ParameterList/>
					</Action>
					<Action
						Type="TEAM_TRANSFER_TO_PLAYER">
						<ParameterList/>
					</Action>
					<Action
						Type="TEAM_TELEPORT_TO_WAYPOINT">
						<ParameterList/>
					</Action>
					<Action
						Type="TEAM_TRANSFER_TO_PLAYER">
						<ParameterList/>
					</Action>
					<Action
						Type="NAMED_DELETE">
						<ParameterList/>
					</Action>
				</Script>
				<Script
					id="WIN">
					<Action
						Type="PLAYER_KILL">
						<ParameterList/>
					</Action>
				</Script>
			</ScriptGroup>
		</ScriptSet>
	</GameScriptList>
	<GameScriptList
		id="Player_6">
		<ScriptSet/>
	</GameScriptList>
	<GameScriptList
		id="Player_7">
		<ScriptSet/>
	</GameScriptList>
	<GameScriptList
		id="Player_8">
		<ScriptSet/>
	</GameScriptList>
</AssetDeclaration>